entity_id,type,debit,credit,amount,currency,fee,tax,on_hold,settled,created_at,settled_at,settlement_id,posted_at,credit_type,description,payment_id,settlement_utr,order_id,order_receipt,method,card_network,card_issuer,card_type,dispute_id
pay_000143,payment,0,435865,446400,INR,8928,1607,False,True,2026-07-21,2026-09-20,setl_000001,,default,Payment for Northstar Foods,pay_000143,UTR20260000000002,order_0100144,,card,Visa,SBIN,debit,
pay_000252,payment,0,1168835,1182792,INR,11828,2129,False,True,2026-08-12,2026-09-20,setl_000001,,default,Payment for Brightline Logistics,pay_000252,UTR20260000000002,order_0100253,,upi,,,,
pay_000462,payment,0,376402,385500,INR,7710,1388,False,True,2026-07-28,2026-09-20,setl_000001,,default,Payment for Northstar Foods,pay_000462,UTR20260000000002,order_0100463,,card,RuPay,AXIS,debit,
pay_000416,payment,0,196842,201600,INR,4032,726,False,True,2026-08-20,2026-09-20,setl_000001,,default,Payment for SilverOak Education,pay_000416,UTR20260000000002,order_0100417,,card,MasterCard,AXIS,credit,
pay_000225,payment,0,1612915,1651900,INR,33038,5947,False,True,2026-09-18,2026-09-20,setl_000001,,default,Payment for Apex Digital Services,pay_000225,UTR20260000000002,order_0100226,,netbanking,,,,
pay_000486,payment,0,21871,22400,INR,448,81,False,True,2026-07-19,2026-09-20,setl_000001,,default,Payment for Orion Manufacturing,pay_000486,UTR20260000000002,order_0100487,,card,Visa,AXIS,debit,
pay_000199,payment,0,643018,658560,INR,13171,2371,False,True,2026-07-25,2026-09-20,setl_000001,,default,Payment for Apex Digital Services,pay_000199,UTR20260000000002,order_0100200,,card,Visa,SBIN,debit,
pay_000352,payment,0,85630,87700,INR,1754,316,False,True,2026-07-30,2026-10-11,setl_000002,,default,Payment for UrbanNest Interiors,pay_000352,UTR20260000000003,order_0100353,,netbanking,,,,
pay_000324,payment,0,31050,31800,INR,636,114,False,True,2026-08-07,2026-10-11,setl_000002,,default,Payment for Metro Office Systems,pay_000324,UTR20260000000003,order_0100325,,netbanking,,,,
pay_000186,payment,0,1718269,1759800,INR,35196,6335,False,True,2026-08-30,2026-10-11,setl_000002,,default,Payment for SilverOak Education,pay_000186,UTR20260000000003,order_0100187,,netbanking,,,,
pay_000027,payment,0,138052,139700,INR,1397,251,False,True,2026-10-08,2026-10-11,setl_000002,,default,Payment for Sunrise Health,pay_000027,UTR20260000000003,order_0100028,,upi,,,,
pay_000210,payment,0,1831336,1875600,INR,37512,6752,False,True,2026-07-31,2026-10-11,setl_000002,,default,Payment for BluePeak Consulting,pay_000210,UTR20260000000003,order_0100211,,netbanking,,,,
pay_000217,payment,0,73816,75600,INR,1512,272,False,True,2026-08-04,2026-10-11,setl_000002,,default,Payment for Metro Office Systems,pay_000217,UTR20260000000003,order_0100218,,netbanking,,,,
pay_000161,payment,0,271557,274800,INR,2748,495,False,True,2026-08-26,2026-10-11,setl_000002,,default,Payment for Sunrise Health,pay_000161,UTR20260000000003,order_0100162,,upi,,,,
pay_000371,payment,0,47355,48500,INR,970,175,False,True,2026-09-08,2026-09-13,setl_000003,,default,Payment for Brightline Logistics,pay_000371,UTR20260000000004,order_0100372,,netbanking,,,,
pay_000086,payment,0,1599050,1637700,INR,32754,5896,False,True,2026-09-11,2026-09-13,setl_000003,,default,Payment for BluePeak Consulting,pay_000086,UTR20260000000004,order_0100087,,card,MasterCard,ICIC,debit,
pay_000227,payment,0,2432017,2490800,INR,49816,8967,False,True,2026-08-12,2026-09-13,setl_000003,,default,Payment for Orion Manufacturing,pay_000227,UTR20260000000004,order_0100228,,card,RuPay,AXIS,credit,
pay_000483,payment,0,427858,438200,INR,8764,1578,False,True,2026-08-05,2026-09-13,setl_000003,,default,Payment for Vijay Traders,pay_000483,UTR20260000000004,order_0100484,,netbanking,,,,
pay_000064,payment,0,211098,216200,INR,4324,778,False,True,2026-08-19,2026-09-13,setl_000003,,default,Payment for UrbanNest Interiors,pay_000064,UTR20260000000004,order_0100065,,netbanking,,,,
pay_000514,payment,0,235312,241000,INR,4820,868,False,True,2026-08-06,2026-09-13,setl_000003,,default,Payment for Orion Manufacturing,pay_000514,UTR20260000000004,order_0100515,,card,Visa,AXIS,credit,
pay_000421,payment,0,236094,241800,INR,4836,870,False,True,2026-08-01,2026-09-13,setl_000003,,default,Payment for Vertex Components,pay_000421,UTR20260000000004,order_0100422,,card,Visa,HDFC,credit,
pay_000191,payment,0,320747,328500,INR,6570,1183,False,True,2026-07-24,2026-09-03,setl_000004,,default,Payment for Kaveri Textiles,pay_000191,UTR20260000000005,order_0100192,,netbanking,,,,
pay_000523,payment,0,61664,62400,INR,624,112,False,True,2026-07-08,2026-09-03,setl_000004,,default,Payment for Nova Technologies,pay_000523,UTR20260000000005,order_0100524,,upi,,,,
pay_000488,payment,0,2388763,2446500,INR,48930,8807,False,True,2026-09-01,2026-09-03,setl_000004,,default,Payment for Northstar Foods,pay_000488,UTR20260000000005,order_0100489,,netbanking,,,,
pay_000042,payment,0,49211,50400,INR,1008,181,False,True,2026-08-25,2026-09-03,setl_000004,,default,Payment for Apex Digital Services,pay_000042,UTR20260000000005,order_0100043,,netbanking,,,,
pay_000400,payment,0,153490,157200,INR,3144,566,False,True,2026-08-16,2026-09-03,setl_000004,,default,Payment for Orion Manufacturing,pay_000400,UTR20260000000005,order_0100401,,netbanking,,,,
pay_000410,payment,0,478729,490300,INR,9806,1765,False,True,2026-08-23,2026-09-03,setl_000004,,default,Payment for Nova Technologies,pay_000410,UTR20260000000005,order_0100411,,netbanking,,,,
pay_000511,payment,0,7749,7841,INR,78,14,False,True,2026-08-04,2026-09-03,setl_000004,,default,Payment for Sunrise Health,pay_000511,UTR20260000000005,order_0100512,,upi,,,,
pay_000126,payment,0,28065,28400,INR,284,51,False,True,2026-07-23,2026-10-13,setl_000005,,default,Payment for Sunrise Health,pay_000126,UTR20260000000006,order_0100127,,upi,,,,
pay_000322,payment,0,474921,486400,INR,9728,1751,False,True,2026-09-11,2026-10-13,setl_000005,,default,Payment for SilverOak Education,pay_000322,UTR20260000000006,order_0100323,,netbanking,,,,
pay_000495,payment,0,24996,25600,INR,512,92,False,True,2026-08-13,2026-10-13,setl_000005,,default,Payment for Apex Digital Services,pay_000495,UTR20260000000006,order_0100496,,netbanking,,,,
pay_000508,payment,0,349942,358400,INR,7168,1290,False,True,2026-07-16,2026-10-13,setl_000005,,default,Payment for Brightline Logistics,pay_000508,UTR20260000000006,order_0100509,,card,MasterCard,HDFC,credit,
pay_000460,payment,0,21578,22100,INR,442,80,False,True,2026-10-11,2026-10-13,setl_000005,,default,Payment for Nova Technologies,pay_000460,UTR20260000000006,order_0100461,,card,RuPay,AXIS,credit,
pay_000328,payment,0,44329,45400,INR,908,163,False,True,2026-09-27,2026-10-13,setl_000005,,default,Payment for SilverOak Education,pay_000328,UTR20260000000006,order_0100329,,netbanking,,,,
pay_000124,payment,0,31831,32600,INR,652,117,False,True,2026-07-16,2026-10-13,setl_000005,,default,Payment for SilverOak Education,pay_000124,UTR20260000000006,order_0100125,,netbanking,,,,
pay_000120,payment,0,80748,82700,INR,1654,298,False,True,2026-08-06,2026-08-27,setl_000006,,default,Payment for BluePeak Consulting,pay_000120,UTR20260000000007,order_0100121,,card,MasterCard,HDFC,debit,
pay_000062,payment,0,32905,33700,INR,674,121,False,True,2026-07-29,2026-08-27,setl_000006,,default,Payment for Kaveri Textiles,pay_000062,UTR20260000000007,order_0100063,,card,RuPay,HDFC,credit,
pay_000216,payment,0,75769,77600,INR,1552,279,False,True,2026-07-19,2026-08-27,setl_000006,,default,Payment for GreenLeaf Distributors,pay_000216,UTR20260000000007,order_0100217,,netbanking,,,,
pay_000479,payment,0,171463,173510,INR,1735,312,False,True,2026-08-25,2026-08-27,setl_000006,,default,Payment for Nova Technologies,pay_000479,UTR20260000000007,order_0100480,,upi,,,,
pay_000135,payment,0,194774,197100,INR,1971,355,False,True,2026-08-24,2026-08-27,setl_000006,,default,Payment for BluePeak Consulting,pay_000135,UTR20260000000007,order_0100136,,upi,,,,
pay_000166,payment,0,24508,25100,INR,502,90,False,True,2026-08-10,2026-08-27,setl_000006,,default,Payment for Metro Office Systems,pay_000166,UTR20260000000007,order_0100167,,card,RuPay,HDFC,debit,
pay_000290,payment,0,215340,220545,INR,4411,794,False,True,2026-08-08,2026-08-27,setl_000006,,default,Payment for Vijay Traders,pay_000290,UTR20260000000007,order_0100291,,netbanking,,,,
pay_000528,payment,0,474921,486400,INR,9728,1751,False,True,2026-07-25,2026-09-21,setl_000007,,default,Payment for SilverOak Education,pay_000528,UTR20260000000008,order_0100529,,card,RuPay,HDFC,credit,
pay_000454,payment,0,46086,47200,INR,944,170,False,True,2026-07-20,2026-09-21,setl_000007,,default,Payment for Apex Digital Services,pay_000454,UTR20260000000008,order_0100455,,netbanking,,,,
pay_000353,payment,0,22750,23300,INR,466,84,False,True,2026-07-29,2026-09-21,setl_000007,,default,Payment for Metro Office Systems,pay_000353,UTR20260000000008,order_0100354,,netbanking,,,,
pay_000321,payment,0,46672,47800,INR,956,172,False,True,2026-09-15,2026-09-21,setl_000007,,default,Payment for Metro Office Systems,pay_000321,UTR20260000000008,order_0100322,,card,RuPay,ICIC,credit,
pay_000129,payment,0,396735,406324,INR,8126,1463,False,True,2026-08-14,2026-09-21,setl_000007,,default,Payment for Vertex Components,pay_000129,UTR20260000000008,order_0100130,,netbanking,,,,
pay_000466,payment,0,2229024,2282900,INR,45658,8218,False,True,2026-09-19,2026-09-21,setl_000007,,default,Payment for Orion Manufacturing,pay_000466,UTR20260000000008,order_0100467,,card,MasterCard,SBIN,debit,
pay_000021,payment,0,23816,24100,INR,241,43,False,True,2026-08-24,2026-09-21,setl_000007,,default,Payment for Vertex Components,pay_000021,UTR20260000000008,order_0100022,,upi,,,,
pay_000300,payment,0,717532,726100,INR,7261,1307,False,True,2026-09-05,2026-09-27,setl_000008,,default,Payment for Acme Retail Pvt Ltd,pay_000300,UTR20260000000009,order_0100301,,upi,,,,
pay_000520,payment,0,2034134,2083300,INR,41666,7500,False,True,2026-07-20,2026-09-27,setl_000008,,default,Payment for Acme Retail Pvt Ltd,pay_000520,UTR20260000000009,order_0100521,,card,Visa,HDFC,credit,
pay_000317,payment,0,310983,318500,INR,6370,1147,False,True,2026-07-24,2026-09-27,setl_000008,,default,Payment for Metro Office Systems,pay_000317,UTR20260000000009,order_0100318,,netbanking,,,,
pay_000376,payment,0,621283,636300,INR,12726,2291,False,True,2026-09-25,2026-09-27,setl_000008,,default,Payment for BluePeak Consulting,pay_000376,UTR20260000000009,order_0100377,,netbanking,,,,
pay_000266,payment,0,30437,30800,INR,308,55,False,True,2026-08-28,2026-09-27,setl_000008,,default,Payment for Brightline Logistics,pay_000266,UTR20260000000009,order_0100267,,upi,,,,
pay_000382,payment,0,52823,54100,INR,1082,195,False,True,2026-09-04,2026-09-27,setl_000008,,default,Payment for UrbanNest Interiors,pay_000382,UTR20260000000009,order_0100383,,netbanking,,,,
pay_000501,payment,0,81041,83000,INR,1660,299,False,True,2026-08-27,2026-09-27,setl_000008,,default,Payment for Kaveri Textiles,pay_000501,UTR20260000000009,order_0100502,,card,Visa,AXIS,credit,
pay_000430,payment,0,41504,42000,INR,420,76,False,True,2026-07-19,2026-09-11,setl_000009,,default,Payment for Northstar Foods,pay_000430,UTR20260000000010,order_0100431,,upi,,,,
pay_000510,payment,0,1861995,1907000,INR,38140,6865,False,True,2026-09-04,2026-09-11,setl_000009,,default,Payment for UrbanNest Interiors,pay_000510,UTR20260000000010,order_0100511,,card,Visa,HDFC,credit,
pay_000329,payment,0,26363,27000,INR,540,97,False,True,2026-08-26,2026-09-11,setl_000009,,default,Payment for Apex Digital Services,pay_000329,UTR20260000000010,order_0100330,,netbanking,,,,
pay_000019,payment,0,14261,14606,INR,292,53,False,True,2026-07-25,2026-09-11,setl_000009,,default,Payment for UrbanNest Interiors,pay_000019,UTR20260000000010,order_0100020,,card,RuPay,AXIS,credit,
pay_000381,payment,0,32215,32600,INR,326,59,False,True,2026-08-16,2026-09-11,setl_000009,,default,Payment for Brightline Logistics,pay_000381,UTR20260000000010,order_0100382,,upi,,,,
pay_000083,payment,0,23922,24500,INR,490,88,False,True,2026-08-26,2026-09-11,setl_000009,,default,Payment for Apex Digital Services,pay_000083,UTR20260000000010,order_0100084,,card,MasterCard,HDFC,credit,
pay_000386,payment,0,14430,14779,INR,296,53,False,True,2026-09-09,2026-09-11,setl_000009,,default,Payment for BluePeak Consulting,pay_000386,UTR20260000000010,order_0100387,,netbanking,,,,
pay_000015,payment,0,76745,78600,INR,1572,283,False,True,2026-09-14,2026-09-15,setl_000010,,default,Payment for Nova Technologies,pay_000015,UTR20260000000011,order_0100016,,netbanking,,,,
pay_000283,payment,0,67372,69000,INR,1380,248,False,True,2026-08-24,2026-09-15,setl_000010,,default,Payment for Acme Retail Pvt Ltd,pay_000283,UTR20260000000011,order_0100284,,card,MasterCard,AXIS,credit,
pay_000049,payment,0,41307,41800,INR,418,75,False,True,2026-07-18,2026-09-15,setl_000010,,default,Payment for Northstar Foods,pay_000049,UTR20260000000011,order_0100050,,upi,,,,
pay_000017,payment,0,456944,462400,INR,4624,832,False,True,2026-08-29,2026-09-15,setl_000010,,default,Payment for Metro Office Systems,pay_000017,UTR20260000000011,order_0100018,,upi,,,,
pay_000259,payment,0,1553745,1591300,INR,31826,5729,False,True,2026-08-08,2026-09-15,setl_000010,,default,Payment for Orion Manufacturing,pay_000259,UTR20260000000011,order_0100260,,netbanking,,,,
pay_000289,payment,0,181274,185655,INR,3713,668,False,True,2026-08-21,2026-09-15,setl_000010,,default,Payment for Vijay Traders,pay_000289,UTR20260000000011,order_0100290,,card,RuPay,AXIS,debit,
pay_000312,payment,0,201988,204400,INR,2044,368,False,True,2026-08-15,2026-09-15,setl_000010,,default,Payment for Metro Office Systems,pay_000312,UTR20260000000011,order_0100313,,upi,,,,
pay_000325,payment,0,17886,18100,INR,181,33,False,True,2026-08-30,2026-09-27,setl_000011,,default,Payment for Northstar Foods,pay_000325,UTR20260000000012,order_0100326,,upi,,,,
pay_000008,payment,0,13955,14121,INR,141,25,False,True,2026-08-12,2026-09-27,setl_000011,,default,Payment for SilverOak Education,pay_000008,UTR20260000000012,order_0100009,,upi,,,,
pay_000012,payment,0,1497407,1533600,INR,30672,5521,False,True,2026-08-23,2026-09-27,setl_000011,,default,Payment for SilverOak Education,pay_000012,UTR20260000000012,order_0100013,,card,RuPay,HDFC,debit,
pay_000255,payment,0,450511,461400,INR,9228,1661,False,True,2026-07-25,2026-09-27,setl_000011,,default,Payment for Acme Retail Pvt Ltd,pay_000255,UTR20260000000012,order_0100256,,card,MasterCard,AXIS,credit,
pay_000334,payment,0,202152,207038,INR,4141,745,False,True,2026-09-26,2026-09-27,setl_000011,,default,Payment for Vertex Components,pay_000334,UTR20260000000012,order_0100335,,netbanking,,,,
pay_000131,payment,0,59560,61000,INR,1220,220,False,True,2026-07-11,2026-09-27,setl_000011,,default,Payment for Orion Manufacturing,pay_000131,UTR20260000000012,order_0100132,,netbanking,,,,
pay_000345,payment,0,166413,168400,INR,1684,303,False,True,2026-08-21,2026-09-27,setl_000011,,default,Payment for BluePeak Consulting,pay_000345,UTR20260000000012,order_0100346,,upi,,,,
pay_000384,payment,0,786002,805000,INR,16100,2898,False,True,2026-08-15,2026-09-30,setl_000012,,default,Payment for Orion Manufacturing,pay_000384,UTR20260000000013,order_0100385,,netbanking,,,,
pay_000277,payment,0,17856,18288,INR,366,66,False,True,2026-09-03,2026-09-30,setl_000012,,default,Payment for Acme Retail Pvt Ltd,pay_000277,UTR20260000000013,order_0100278,,card,MasterCard,ICIC,debit,
pay_000174,payment,0,23922,24500,INR,490,88,False,True,2026-08-24,2026-09-30,setl_000012,,default,Payment for Vijay Traders,pay_000174,UTR20260000000013,order_0100175,,card,Visa,ICIC,credit,
pay_000332,payment,0,32018,32400,INR,324,58,False,True,2026-09-09,2026-09-30,setl_000012,,default,Payment for Orion Manufacturing,pay_000332,UTR20260000000013,order_0100333,,upi,,,,
pay_000349,payment,0,55752,57100,INR,1142,206,False,True,2026-09-28,2026-09-30,setl_000012,,default,Payment for Orion Manufacturing,pay_000349,UTR20260000000013,order_0100350,,card,RuPay,AXIS,debit,
pay_000269,payment,0,237070,242800,INR,4856,874,False,True,2026-09-01,2026-09-30,setl_000012,,default,Payment for Brightline Logistics,pay_000269,UTR20260000000013,order_0100270,,card,Visa,ICIC,credit,
pay_000111,payment,0,25582,26200,INR,524,94,False,True,2026-08-25,2026-09-30,setl_000012,,default,Payment for Apex Digital Services,pay_000111,UTR20260000000013,order_0100112,,netbanking,,,,
pay_000426,payment,0,54874,56200,INR,1124,202,False,True,2026-10-24,2026-10-26,setl_000013,,default,Payment for GreenLeaf Distributors,pay_000426,UTR20260000000014,order_0100427,,netbanking,,,,
pay_000378,payment,0,78760,79700,INR,797,143,False,True,2026-08-20,2026-10-26,setl_000013,,default,Payment for SilverOak Education,pay_000378,UTR20260000000014,order_0100379,,upi,,,,
pay_000385,payment,0,14646,14821,INR,148,27,False,True,2026-09-04,2026-10-26,setl_000013,,default,Payment for BluePeak Consulting,pay_000385,UTR20260000000014,order_0100386,,upi,,,,
pay_000090,payment,0,1283672,1299000,INR,12990,2338,False,True,2026-09-03,2026-10-26,setl_000013,,default,Payment for Vijay Traders,pay_000090,UTR20260000000014,order_0100091,,upi,,,,
pay_000401,payment,0,82416,83400,INR,834,150,False,True,2026-08-13,2026-10-26,setl_000013,,default,Payment for Vijay Traders,pay_000401,UTR20260000000014,order_0100402,,upi,,,,
pay_000002,payment,0,32709,33100,INR,331,60,False,True,2026-08-10,2026-10-26,setl_000013,,default,Payment for Vertex Components,pay_000002,UTR20260000000014,order_0100003,,upi,,,,
pay_000301,payment,0,43059,44100,INR,882,159,False,True,2026-09-24,2026-10-26,setl_000013,,default,Payment for Orion Manufacturing,pay_000301,UTR20260000000014,order_0100302,,card,Visa,HDFC,credit,
pay_000272,payment,0,44426,45500,INR,910,164,False,True,2026-08-06,2026-09-15,setl_000014,,default,Payment for Metro Office Systems,pay_000272,UTR20260000000015,order_0100273,,netbanking,,,,
pay_000024,payment,0,66688,68300,INR,1366,246,False,True,2026-07-30,2026-09-15,setl_000014,,default,Payment for Northstar Foods,pay_000024,UTR20260000000015,order_0100025,,card,RuPay,HDFC,credit,
pay_000449,payment,0,54093,55400,INR,1108,199,False,True,2026-08-03,2026-09-15,setl_000014,,default,Payment for Kaveri Textiles,pay_000449,UTR20260000000015,order_0100450,,card,Visa,AXIS,debit,
pay_000140,payment,0,461349,472500,INR,9450,1701,False,True,2026-09-14,2026-09-15,setl_000014,,default,Payment for Acme Retail Pvt Ltd,pay_000140,UTR20260000000015,order_0100141,,card,MasterCard,ICIC,debit,
pay_000204,payment,0,726901,744470,INR,14889,2680,False,True,2026-07-27,2026-09-15,setl_000014,,default,Payment for Metro Office Systems,pay_000204,UTR20260000000015,order_0100205,,card,Visa,HDFC,debit,
pay_000173,payment,0,68934,70600,INR,1412,254,False,True,2026-07-11,2026-09-15,setl_000014,,default,Payment for BluePeak Consulting,pay_000173,UTR20260000000015,order_0100174,,netbanking,,,,
pay_000128,payment,0,412993,422976,INR,8460,1523,False,True,2026-07-25,2026-09-15,setl_000014,,default,Payment for Vertex Components,pay_000128,UTR20260000000015,order_0100129,,card,Visa,ICIC,debit,
pay_000220,payment,0,209400,211900,INR,2119,381,False,True,2026-09-05,2026-10-09,setl_000015,,default,Payment for SilverOak Education,pay_000220,UTR20260000000016,order_0100221,,upi,,,,
pay_000104,payment,0,72058,73800,INR,1476,266,False,True,2026-09-01,2026-10-09,setl_000015,,default,Payment for Vijay Traders,pay_000104,UTR20260000000016,order_0100105,,card,Visa,AXIS,debit,
pay_000451,payment,0,54385,55700,INR,1114,201,False,True,2026-08-24,2026-10-09,setl_000015,,default,Payment for Apex Digital Services,pay_000451,UTR20260000000016,order_0100452,,card,Visa,AXIS,credit,
pay_000031,payment,0,729371,747000,INR,14940,2689,False,True,2026-08-13,2026-10-09,setl_000015,,default,Payment for Nova Technologies,pay_000031,UTR20260000000016,order_0100032,,card,Visa,AXIS,credit,
pay_000275,payment,0,177314,181600,INR,3632,654,False,True,2026-10-06,2026-10-09,setl_000015,,default,Payment for Vertex Components,pay_000275,UTR20260000000016,order_0100276,,card,MasterCard,SBIN,credit,
pay_000087,payment,0,17868,18300,INR,366,66,False,True,2026-09-07,2026-10-09,setl_000015,,default,Payment for Northstar Foods,pay_000087,UTR20260000000016,order_0100088,,netbanking,,,,
pay_000198,payment,0,907466,929400,INR,18588,3346,False,True,2026-08-16,2026-10-09,setl_000015,,default,Payment for Northstar Foods,pay_000198,UTR20260000000016,order_0100199,,card,RuPay,ICIC,debit,
pay_000142,payment,0,24898,25500,INR,510,92,False,True,2026-09-02,2026-09-24,setl_000016,,default,Payment for BluePeak Consulting,pay_000142,UTR20260000000017,order_0100143,,card,MasterCard,ICIC,credit,
pay_000051,payment,0,1569756,1588500,INR,15885,2859,False,True,2026-08-13,2026-09-24,setl_000016,,default,Payment for UrbanNest Interiors,pay_000051,UTR20260000000017,order_0100052,,upi,,,,
pay_000235,payment,0,323043,326900,INR,3269,588,False,True,2026-08-25,2026-09-24,setl_000016,,default,Payment for Vijay Traders,pay_000235,UTR20260000000017,order_0100236,,upi,,,,
pay_000181,payment,0,44133,45200,INR,904,163,False,True,2026-08-17,2026-09-24,setl_000016,,default,Payment for SilverOak Education,pay_000181,UTR20260000000017,order_0100182,,card,Visa,HDFC,debit,
pay_000193,payment,0,385694,390300,INR,3903,703,False,True,2026-09-22,2026-09-24,setl_000016,,default,Payment for Kaveri Textiles,pay_000193,UTR20260000000017,order_0100194,,upi,,,,
pay_000013,payment,0,1775202,1796400,INR,17964,3234,False,True,2026-09-14,2026-09-24,setl_000016,,default,Payment for Vijay Traders,pay_000013,UTR20260000000017,order_0100014,,upi,,,,
pay_000203,payment,0,402765,412500,INR,8250,1485,False,True,2026-08-19,2026-09-24,setl_000016,,default,Payment for Northstar Foods,pay_000203,UTR20260000000017,order_0100204,,netbanking,,,,
pay_000114,payment,0,1543395,1580700,INR,31614,5691,False,True,2026-08-02,2026-09-20,setl_000017,,default,Payment for Orion Manufacturing,pay_000114,UTR20260000000018,order_0100115,,netbanking,,,,
pay_000276,payment,0,16120,16312,INR,163,29,False,True,2026-09-16,2026-09-20,setl_000017,,default,Payment for Acme Retail Pvt Ltd,pay_000276,UTR20260000000018,order_0100277,,upi,,,,
pay_000397,payment,0,33994,34400,INR,344,62,False,True,2026-08-19,2026-09-20,setl_000017,,default,Payment for SilverOak Education,pay_000397,UTR20260000000018,order_0100398,,upi,,,,
pay_000035,payment,0,725379,742911,INR,14858,2674,False,True,2026-08-11,2026-09-20,setl_000017,,default,Payment for SilverOak Education,pay_000035,UTR20260000000018,order_0100036,,card,RuPay,ICIC,credit,
pay_000110,payment,0,2114649,2139900,INR,21399,3852,False,True,2026-09-18,2026-09-20,setl_000017,,default,Payment for Sunrise Health,pay_000110,UTR20260000000018,order_0100111,,upi,,,,
pay_000084,payment,0,1486276,1522200,INR,30444,5480,False,True,2026-07-26,2026-09-20,setl_000017,,default,Payment for Nova Technologies,pay_000084,UTR20260000000018,order_0100085,,netbanking,,,,
pay_000363,payment,0,50578,51800,INR,1036,186,False,True,2026-09-03,2026-09-20,setl_000017,,default,Payment for GreenLeaf Distributors,pay_000363,UTR20260000000018,order_0100364,,card,Visa,AXIS,debit,
pay_000335,payment,0,53995,55300,INR,1106,199,False,True,2026-07-23,2026-08-25,setl_000018,,default,Payment for Apex Digital Services,pay_000335,UTR20260000000019,order_0100336,,netbanking,,,,
pay_000369,payment,0,45358,45900,INR,459,83,False,True,2026-07-28,2026-08-25,setl_000018,,default,Payment for GreenLeaf Distributors,pay_000369,UTR20260000000019,order_0100370,,upi,,,,
pay_000308,payment,0,53995,55300,INR,1106,199,False,True,2026-08-13,2026-08-25,setl_000018,,default,Payment for Nova Technologies,pay_000308,UTR20260000000019,order_0100309,,netbanking,,,,
pay_000409,payment,0,34587,35000,INR,350,63,False,True,2026-08-03,2026-08-25,setl_000018,,default,Payment for Apex Digital Services,pay_000409,UTR20260000000019,order_0100410,,upi,,,,
pay_000336,payment,0,27144,27800,INR,556,100,False,True,2026-08-24,2026-08-25,setl_000018,,default,Payment for SilverOak Education,pay_000336,UTR20260000000019,order_0100337,,netbanking,,,,
pay_000405,payment,0,42376,43400,INR,868,156,False,True,2026-07-14,2026-08-25,setl_000018,,default,Payment for UrbanNest Interiors,pay_000405,UTR20260000000019,order_0100406,,netbanking,,,,
pay_000509,payment,0,77038,78900,INR,1578,284,False,True,2026-08-19,2026-08-25,setl_000018,,default,Payment for Acme Retail Pvt Ltd,pay_000509,UTR20260000000019,order_0100510,,card,RuPay,ICIC,credit,
pay_000530,payment,0,23922,24500,INR,490,88,False,True,2026-07-16,2026-08-27,setl_000019,,default,Payment for Apex Digital Services,pay_000530,UTR20260000000020,order_0100531,,card,Visa,AXIS,credit,
pay_000025,payment,0,465245,470800,INR,4708,847,False,True,2026-08-12,2026-08-27,setl_000019,,default,Payment for Brightline Logistics,pay_000025,UTR20260000000020,order_0100026,,upi,,,,
pay_000011,payment,0,62850,63600,INR,636,114,False,True,2026-08-26,2026-08-27,setl_000019,,default,Payment for Nova Technologies,pay_000011,UTR20260000000020,order_0100012,,upi,,,,
pay_000081,payment,0,26265,26900,INR,538,97,False,True,2026-07-20,2026-08-27,setl_000019,,default,Payment for Sunrise Health,pay_000081,UTR20260000000020,order_0100082,,card,MasterCard,HDFC,debit,
pay_000141,payment,0,492025,497900,INR,4979,896,False,True,2026-08-04,2026-08-27,setl_000019,,default,Payment for Nova Technologies,pay_000141,UTR20260000000020,order_0100142,,upi,,,,
pay_000243,payment,0,145439,148954,INR,2979,536,False,True,2026-08-14,2026-08-27,setl_000019,,default,Payment for Nova Technologies,pay_000243,UTR20260000000020,order_0100244,,netbanking,,,,
pay_000311,payment,0,2209203,2262600,INR,45252,8145,False,True,2026-08-11,2026-08-27,setl_000019,,default,Payment for Orion Manufacturing,pay_000311,UTR20260000000020,order_0100312,,card,Visa,HDFC,debit,
pay_000490,payment,0,78957,79900,INR,799,144,False,True,2026-07-14,2026-09-12,setl_000020,,default,Payment for Orion Manufacturing,pay_000490,UTR20260000000021,order_0100491,,upi,,,,
pay_000450,payment,0,167257,171300,INR,3426,617,False,True,2026-08-23,2026-09-12,setl_000020,,default,Payment for Orion Manufacturing,pay_000450,UTR20260000000021,order_0100451,,netbanking,,,,
pay_000337,payment,0,433033,443500,INR,8870,1597,False,True,2026-07-22,2026-09-12,setl_000020,,default,Payment for GreenLeaf Distributors,pay_000337,UTR20260000000021,order_0100338,,netbanking,,,,
pay_000165,payment,0,21383,21900,INR,438,79,False,True,2026-08-04,2026-09-12,setl_000020,,default,Payment for Apex Digital Services,pay_000165,UTR20260000000021,order_0100166,,card,RuPay,HDFC,credit,
pay_000431,payment,0,368396,377300,INR,7546,1358,False,True,2026-09-10,2026-09-12,setl_000020,,default,Payment for Vijay Traders,pay_000431,UTR20260000000021,order_0100432,,card,MasterCard,SBIN,credit,
pay_000258,payment,0,85923,88000,INR,1760,317,False,True,2026-08-17,2026-09-12,setl_000020,,default,Payment for Orion Manufacturing,pay_000258,UTR20260000000021,order_0100259,,card,RuPay,AXIS,credit,
pay_000100,payment,0,892137,913700,INR,18274,3289,False,True,2026-07-28,2026-09-12,setl_000020,,default,Payment for Nova Technologies,pay_000100,UTR20260000000021,order_0100101,,netbanking,,,,
pay_000098,payment,0,45556,46100,INR,461,83,False,True,2026-09-04,2026-10-01,setl_000021,,default,Payment for Northstar Foods,pay_000098,UTR20260000000022,order_0100099,,upi,,,,
pay_000060,payment,0,362928,371700,INR,7434,1338,False,True,2026-08-15,2026-10-01,setl_000021,,default,Payment for Northstar Foods,pay_000060,UTR20260000000022,order_0100061,,card,Visa,SBIN,debit,
pay_000477,payment,0,33100,33900,INR,678,122,False,True,2026-08-05,2026-10-01,setl_000021,,default,Payment for Metro Office Systems,pay_000477,UTR20260000000022,order_0100478,,card,RuPay,HDFC,credit,
pay_000146,payment,0,351699,360200,INR,7204,1297,False,True,2026-07-29,2026-10-01,setl_000021,,default,Payment for Metro Office Systems,pay_000146,UTR20260000000022,order_0100147,,netbanking,,,,
pay_000286,payment,0,25777,26400,INR,528,95,False,True,2026-09-29,2026-10-01,setl_000021,,default,Payment for Sunrise Health,pay_000286,UTR20260000000022,order_0100287,,card,RuPay,SBIN,credit,
pay_000412,payment,0,24117,24700,INR,494,89,False,True,2026-08-16,2026-10-01,setl_000021,,default,Payment for BluePeak Consulting,pay_000412,UTR20260000000022,order_0100413,,netbanking,,,,
pay_000103,payment,0,1224874,1239500,INR,12395,2231,False,True,2026-08-12,2026-10-01,setl_000021,,default,Payment for Vijay Traders,pay_000103,UTR20260000000022,order_0100104,,upi,,,,
pay_000459,payment,0,25199,25500,INR,255,46,False,True,2026-08-30,2026-09-01,setl_000022,,default,Payment for UrbanNest Interiors,pay_000459,UTR20260000000023,order_0100460,,upi,,,,
pay_000413,payment,0,324262,332100,INR,6642,1196,False,True,2026-08-04,2026-09-01,setl_000022,,default,Payment for Metro Office Systems,pay_000413,UTR20260000000023,order_0100414,,netbanking,,,,
pay_000164,payment,0,212660,217800,INR,4356,784,False,True,2026-08-16,2026-09-01,setl_000022,,default,Payment for Orion Manufacturing,pay_000164,UTR20260000000023,order_0100165,,card,RuPay,HDFC,debit,
pay_000512,payment,0,10928,11059,INR,111,20,False,True,2026-08-06,2026-09-01,setl_000022,,default,Payment for Sunrise Health,pay_000512,UTR20260000000023,order_0100513,,upi,,,,
pay_000474,payment,0,348477,356900,INR,7138,1285,False,True,2026-08-23,2026-09-01,setl_000022,,default,Payment for Northstar Foods,pay_000474,UTR20260000000023,order_0100475,,card,Visa,AXIS,debit,
pay_000315,payment,0,733909,751648,INR,15033,2706,False,True,2026-07-16,2026-09-01,setl_000022,,default,Payment for Brightline Logistics,pay_000315,UTR20260000000023,order_0100316,,card,MasterCard,HDFC,debit,
pay_000370,payment,0,1095519,1108600,INR,11086,1995,False,True,2026-08-18,2026-09-01,setl_000022,,default,Payment for Orion Manufacturing,pay_000370,UTR20260000000023,order_0100371,,upi,,,,
pay_000357,payment,0,39544,40500,INR,810,146,False,True,2026-09-23,2026-09-24,setl_000023,,default,Payment for GreenLeaf Distributors,pay_000357,UTR20260000000024,order_0100358,,netbanking,,,,
pay_000054,payment,0,464864,476100,INR,9522,1714,False,True,2026-08-17,2026-09-24,setl_000023,,default,Payment for SilverOak Education,pay_000054,UTR20260000000024,order_0100055,,netbanking,,,,
pay_000481,payment,0,33002,33800,INR,676,122,False,True,2026-08-20,2026-09-24,setl_000023,,default,Payment for BluePeak Consulting,pay_000481,UTR20260000000024,order_0100482,,netbanking,,,,
pay_000113,payment,0,22333,22600,INR,226,41,False,True,2026-09-10,2026-09-24,setl_000023,,default,Payment for Sunrise Health,pay_000113,UTR20260000000024,order_0100114,,upi,,,,
pay_000245,payment,0,476971,488500,INR,9770,1759,False,True,2026-07-06,2026-09-24,setl_000023,,default,Payment for Apex Digital Services,pay_000245,UTR20260000000024,order_0100246,,netbanking,,,,
pay_000099,payment,0,23238,23800,INR,476,86,False,True,2026-07-23,2026-09-24,setl_000023,,default,Payment for SilverOak Education,pay_000099,UTR20260000000024,order_0100100,,card,RuPay,AXIS,credit,
pay_000388,payment,0,207423,209900,INR,2099,378,False,True,2026-07-24,2026-09-24,setl_000023,,default,Payment for Orion Manufacturing,pay_000388,UTR20260000000024,order_0100389,,upi,,,,
pay_000127,payment,0,40814,41800,INR,836,150,False,True,2026-09-09,2026-10-03,setl_000024,,default,Payment for Kaveri Textiles,pay_000127,UTR20260000000025,order_0100128,,netbanking,,,,
pay_000478,payment,0,239989,245790,INR,4916,885,False,True,2026-08-25,2026-10-03,setl_000024,,default,Payment for Nova Technologies,pay_000478,UTR20260000000025,order_0100479,,card,RuPay,AXIS,debit,
pay_000215,payment,0,159806,163668,INR,3273,589,False,True,2026-07-31,2026-10-03,setl_000024,,default,Payment for Sunrise Health,pay_000215,UTR20260000000025,order_0100216,,card,Visa,HDFC,debit,
pay_000038,payment,0,8354,8454,INR,85,15,False,True,2026-09-20,2026-10-03,setl_000024,,default,Payment for Brightline Logistics,pay_000038,UTR20260000000025,order_0100039,,upi,,,,
pay_000194,payment,0,20700,21200,INR,424,76,False,True,2026-10-01,2026-10-03,setl_000024,,default,Payment for Kaveri Textiles,pay_000194,UTR20260000000025,order_0100195,,card,MasterCard,AXIS,credit,
pay_000516,payment,0,2251021,2277900,INR,22779,4100,False,True,2026-08-28,2026-10-03,setl_000024,,default,Payment for Northstar Foods,pay_000516,UTR20260000000025,order_0100517,,upi,,,,
pay_000293,payment,0,14432,14781,INR,296,53,False,True,2026-09-13,2026-10-03,setl_000024,,default,Payment for Apex Digital Services,pay_000293,UTR20260000000025,order_0100294,,netbanking,,,,
pay_000136,payment,0,18401,18620,INR,186,33,False,True,2026-07-27,2026-09-18,setl_000025,,default,Payment for Brightline Logistics,pay_000136,UTR20260000000026,order_0100137,,upi,,,,
pay_000360,payment,0,1150004,1177800,INR,23556,4240,False,True,2026-08-09,2026-09-18,setl_000025,,default,Payment for Brightline Logistics,pay_000360,UTR20260000000026,order_0100361,,card,Visa,AXIS,credit,
pay_000423,payment,0,1228702,1258400,INR,25168,4530,False,True,2026-07-26,2026-09-18,setl_000025,,default,Payment for Acme Retail Pvt Ltd,pay_000423,UTR20260000000026,order_0100424,,card,Visa,AXIS,credit,
pay_000061,payment,0,73816,75600,INR,1512,272,False,True,2026-08-23,2026-09-18,setl_000025,,default,Payment for Kaveri Textiles,pay_000061,UTR20260000000026,order_0100062,,netbanking,,,,
pay_000209,payment,0,966538,989900,INR,19798,3564,False,True,2026-09-01,2026-09-18,setl_000025,,default,Payment for Acme Retail Pvt Ltd,pay_000209,UTR20260000000026,order_0100210,,netbanking,,,,
pay_000438,payment,0,43352,44400,INR,888,160,False,True,2026-09-16,2026-09-18,setl_000025,,default,Payment for Vertex Components,pay_000438,UTR20260000000026,order_0100439,,card,Visa,ICIC,debit,
pay_000095,payment,0,105737,107000,INR,1070,193,False,True,2026-08-27,2026-09-18,setl_000025,,default,Payment for Kaveri Textiles,pay_000095,UTR20260000000026,order_0100096,,upi,,,,
pay_000458,payment,0,72435,73300,INR,733,132,False,True,2026-07-20,2026-09-14,setl_000026,,default,Payment for Orion Manufacturing,pay_000458,UTR20260000000027,order_0100459,,upi,,,,
pay_000268,payment,0,486735,498500,INR,9970,1795,False,True,2026-08-11,2026-09-14,setl_000026,,default,Payment for Vijay Traders,pay_000268,UTR20260000000027,order_0100269,,netbanking,,,,
pay_000039,payment,0,41497,42500,INR,850,153,False,True,2026-08-02,2026-09-14,setl_000026,,default,Payment for Metro Office Systems,pay_000039,UTR20260000000027,order_0100040,,card,RuPay,HDFC,debit,
pay_000152,payment,0,25777,26400,INR,528,95,False,True,2026-09-11,2026-09-14,setl_000026,,default,Payment for SilverOak Education,pay_000152,UTR20260000000027,order_0100153,,netbanking,,,,
pay_000504,payment,0,29292,30000,INR,600,108,False,True,2026-08-17,2026-09-14,setl_000026,,default,Payment for BluePeak Consulting,pay_000504,UTR20260000000027,order_0100505,,netbanking,,,,
pay_000482,payment,0,287647,294600,INR,5892,1061,False,True,2026-08-07,2026-09-14,setl_000026,,default,Payment for Vertex Components,pay_000482,UTR20260000000027,order_0100483,,netbanking,,,,
pay_000029,payment,0,307629,315064,INR,6301,1134,False,True,2026-09-09,2026-09-14,setl_000026,,default,Payment for Sunrise Health,pay_000029,UTR20260000000027,order_0100030,,card,MasterCard,AXIS,debit,
pay_000350,payment,0,170662,172700,INR,1727,311,False,True,2026-09-06,2026-09-08,setl_000027,,default,Payment for Apex Digital Services,pay_000350,UTR20260000000028,order_0100351,,upi,,,,
pay_000464,payment,0,2437593,2466700,INR,24667,4440,False,True,2026-08-26,2026-09-08,setl_000027,,default,Payment for GreenLeaf Distributors,pay_000464,UTR20260000000028,order_0100465,,upi,,,,
pay_000496,payment,0,52042,53300,INR,1066,192,False,True,2026-08-11,2026-09-08,setl_000027,,default,Payment for BluePeak Consulting,pay_000496,UTR20260000000028,order_0100497,,card,Visa,ICIC,debit,
pay_000264,payment,0,70496,72200,INR,1444,260,False,True,2026-08-24,2026-09-08,setl_000027,,default,Payment for Apex Digital Services,pay_000264,UTR20260000000028,order_0100265,,card,MasterCard,SBIN,debit,
pay_000373,payment,0,1817959,1861900,INR,37238,6703,False,True,2026-08-15,2026-09-08,setl_000027,,default,Payment for Orion Manufacturing,pay_000373,UTR20260000000028,order_0100374,,card,MasterCard,AXIS,debit,
pay_000402,payment,0,1253893,1284200,INR,25684,4623,False,True,2026-07-23,2026-09-08,setl_000027,,default,Payment for Metro Office Systems,pay_000402,UTR20260000000028,order_0100403,,card,MasterCard,ICIC,debit,
pay_000297,payment,0,1314356,1346125,INR,26923,4846,False,True,2026-08-31,2026-09-08,setl_000027,,default,Payment for Sunrise Health,pay_000297,UTR20260000000028,order_0100298,,card,Visa,SBIN,credit,
pay_000305,payment,0,69767,70600,INR,706,127,False,True,2026-07-16,2026-09-09,setl_000028,,default,Payment for Northstar Foods,pay_000305,UTR20260000000029,order_0100306,,upi,,,,
pay_000367,payment,0,32416,33200,INR,664,120,False,True,2026-08-20,2026-09-09,setl_000028,,default,Payment for Sunrise Health,pay_000367,UTR20260000000029,order_0100368,,card,Visa,ICIC,debit,
pay_000130,payment,0,416044,426100,INR,8522,1534,False,True,2026-09-01,2026-09-09,setl_000028,,default,Payment for BluePeak Consulting,pay_000130,UTR20260000000029,order_0100131,,netbanking,,,,
pay_000033,payment,0,8305,8506,INR,170,31,False,True,2026-08-11,2026-09-09,setl_000028,,default,Payment for SilverOak Education,pay_000033,UTR20260000000029,order_0100034,,netbanking,,,,
pay_000022,payment,0,317015,320800,INR,3208,577,False,True,2026-08-29,2026-09-09,setl_000028,,default,Payment for Nova Technologies,pay_000022,UTR20260000000029,order_0100023,,upi,,,,
pay_000407,payment,0,355554,359800,INR,3598,648,False,True,2026-09-07,2026-09-09,setl_000028,,default,Payment for Nova Technologies,pay_000407,UTR20260000000029,order_0100408,,upi,,,,
pay_000484,payment,0,1790913,1834200,INR,36684,6603,False,True,2026-08-13,2026-09-09,setl_000028,,default,Payment for Apex Digital Services,pay_000484,UTR20260000000029,order_0100485,,netbanking,,,,
pay_000007,payment,0,18140,18579,INR,372,67,False,True,2026-08-25,2026-09-14,setl_000029,,default,Payment for SilverOak Education,pay_000007,UTR20260000000030,order_0100008,,netbanking,,,,
pay_000489,payment,0,26168,26800,INR,536,96,False,True,2026-09-01,2026-09-14,setl_000029,,default,Payment for SilverOak Education,pay_000489,UTR20260000000030,order_0100490,,netbanking,,,,
pay_000263,payment,0,62685,64200,INR,1284,231,False,True,2026-09-12,2026-09-14,setl_000029,,default,Payment for UrbanNest Interiors,pay_000263,UTR20260000000030,order_0100264,,netbanking,,,,
pay_000503,payment,0,412822,422800,INR,8456,1522,False,True,2026-08-02,2026-09-14,setl_000029,,default,Payment for Vijay Traders,pay_000503,UTR20260000000030,order_0100504,,netbanking,,,,
pay_000169,payment,0,59951,61400,INR,1228,221,False,True,2026-08-02,2026-09-14,setl_000029,,default,Payment for Acme Retail Pvt Ltd,pay_000169,UTR20260000000030,order_0100170,,card,Visa,SBIN,credit,
pay_000236,payment,0,2019586,2068400,INR,41368,7446,False,True,2026-07-17,2026-09-14,setl_000029,,default,Payment for Metro Office Systems,pay_000236,UTR20260000000030,order_0100237,,card,MasterCard,SBIN,debit,
pay_000226,payment,0,32905,33700,INR,674,121,False,True,2026-09-03,2026-09-14,setl_000029,,default,Payment for SilverOak Education,pay_000226,UTR20260000000030,order_0100227,,netbanking,,,,
pay_000288,payment,0,469593,475200,INR,4752,855,False,True,2026-08-11,2026-10-09,setl_000030,,default,Payment for Kaveri Textiles,pay_000288,UTR20260000000031,order_0100289,,upi,,,,
pay_000270,payment,0,235605,241300,INR,4826,869,False,True,2026-10-08,2026-10-09,setl_000030,,default,Payment for Apex Digital Services,pay_000270,UTR20260000000031,order_0100271,,netbanking,,,,
pay_000271,payment,0,71765,73500,INR,1470,265,False,True,2026-08-12,2026-10-09,setl_000030,,default,Payment for Brightline Logistics,pay_000271,UTR20260000000031,order_0100272,,netbanking,,,,
pay_000249,payment,0,129574,132706,INR,2654,478,False,True,2026-08-12,2026-10-09,setl_000030,,default,Payment for Orion Manufacturing,pay_000249,UTR20260000000031,order_0100250,,netbanking,,,,
pay_000517,payment,0,907466,929400,INR,18588,3346,False,True,2026-08-03,2026-10-09,setl_000030,,default,Payment for Northstar Foods,pay_000517,UTR20260000000031,order_0100518,,card,MasterCard,ICIC,debit,
pay_000067,payment,0,23629,24200,INR,484,87,False,True,2026-08-05,2026-10-09,setl_000030,,default,Payment for Orion Manufacturing,pay_000067,UTR20260000000031,order_0100068,,card,Visa,HDFC,debit,
pay_000320,payment,0,67176,68800,INR,1376,248,False,True,2026-09-06,2026-10-09,setl_000030,,default,Payment for GreenLeaf Distributors,pay_000320,UTR20260000000031,order_0100321,,netbanking,,,,
pay_000452,payment,0,100378,101577,INR,1016,183,False,True,2026-09-03,2026-09-14,setl_000031,,default,Payment for Acme Retail Pvt Ltd,pay_000452,UTR20260000000032,order_0100453,,upi,,,,
pay_000453,payment,0,72063,72923,INR,729,131,False,True,2026-09-11,2026-09-14,setl_000031,,default,Payment for Acme Retail Pvt Ltd,pay_000453,UTR20260000000032,order_0100454,,upi,,,,
pay_000078,payment,0,27339,28000,INR,560,101,False,True,2026-07-15,2026-09-14,setl_000031,,default,Payment for Vertex Components,pay_000078,UTR20260000000032,order_0100079,,netbanking,,,,
pay_000192,payment,0,330609,338600,INR,6772,1219,False,True,2026-08-16,2026-09-14,setl_000031,,default,Payment for SilverOak Education,pay_000192,UTR20260000000032,order_0100193,,netbanking,,,,
pay_000153,payment,0,45062,45600,INR,456,82,False,True,2026-08-16,2026-09-14,setl_000031,,default,Payment for Nova Technologies,pay_000153,UTR20260000000032,order_0100154,,upi,,,,
pay_000178,payment,0,61565,62300,INR,623,112,False,True,2026-08-26,2026-09-14,setl_000031,,default,Payment for Apex Digital Services,pay_000178,UTR20260000000032,order_0100179,,upi,,,,
pay_000010,payment,0,26753,27400,INR,548,99,False,True,2026-08-11,2026-09-14,setl_000031,,default,Payment for SilverOak Education,pay_000010,UTR20260000000032,order_0100011,,netbanking,,,,
pay_000043,payment,0,28999,29700,INR,594,107,False,True,2026-08-19,2026-09-30,setl_000032,,default,Payment for Nova Technologies,pay_000043,UTR20260000000033,order_0100044,,netbanking,,,,
pay_000075,payment,0,76354,78200,INR,1564,282,False,True,2026-09-14,2026-09-30,setl_000032,,default,Payment for Orion Manufacturing,pay_000075,UTR20260000000033,order_0100076,,netbanking,,,,
pay_000494,payment,0,100569,103000,INR,2060,371,False,True,2026-08-30,2026-09-30,setl_000032,,default,Payment for Sunrise Health,pay_000494,UTR20260000000033,order_0100495,,card,RuPay,AXIS,credit,
pay_000469,payment,0,20447,20941,INR,419,75,False,True,2026-09-27,2026-09-30,setl_000032,,default,Payment for Vijay Traders,pay_000469,UTR20260000000033,order_0100470,,netbanking,,,,
pay_000374,payment,0,53604,54900,INR,1098,198,False,True,2026-08-11,2026-09-30,setl_000032,,default,Payment for Northstar Foods,pay_000374,UTR20260000000033,order_0100375,,netbanking,,,,
pay_000108,payment,0,16933,17342,INR,347,62,False,True,2026-08-15,2026-09-30,setl_000032,,default,Payment for Kaveri Textiles,pay_000108,UTR20260000000033,order_0100109,,netbanking,,,,
pay_000085,payment,0,32319,33100,INR,662,119,False,True,2026-07-15,2026-09-30,setl_000032,,default,Payment for Brightline Logistics,pay_000085,UTR20260000000033,order_0100086,,card,Visa,AXIS,credit,
pay_000267,payment,0,1333958,1366200,INR,27324,4918,False,True,2026-10-08,2026-10-10,setl_000033,,default,Payment for Sunrise Health,pay_000267,UTR20260000000034,order_0100268,,netbanking,,,,
pay_000147,payment,0,18454,18900,INR,378,68,False,True,2026-07-21,2026-10-10,setl_000033,,default,Payment for Northstar Foods,pay_000147,UTR20260000000034,order_0100148,,netbanking,,,,
pay_000230,payment,0,86997,89100,INR,1782,321,False,True,2026-07-26,2026-10-10,setl_000033,,default,Payment for Orion Manufacturing,pay_000230,UTR20260000000034,order_0100231,,card,Visa,ICIC,credit,
pay_000132,payment,0,73132,74900,INR,1498,270,False,True,2026-08-28,2026-10-10,setl_000033,,default,Payment for Apex Digital Services,pay_000132,UTR20260000000034,order_0100133,,netbanking,,,,
pay_000117,payment,0,33100,33900,INR,678,122,False,True,2026-08-17,2026-10-10,setl_000033,,default,Payment for Vijay Traders,pay_000117,UTR20260000000034,order_0100118,,netbanking,,,,
pay_000395,payment,0,1220695,1250200,INR,25004,4501,False,True,2026-07-14,2026-10-10,setl_000033,,default,Payment for SilverOak Education,pay_000395,UTR20260000000034,order_0100396,,card,Visa,HDFC,debit,
pay_000003,payment,0,2231660,2285600,INR,45712,8228,False,True,2026-08-18,2026-10-10,setl_000033,,default,Payment for Metro Office Systems,pay_000003,UTR20260000000034,order_0100004,,netbanking,,,,
pay_000348,payment,0,59415,60851,INR,1217,219,False,True,2026-08-12,2026-08-31,setl_000034,,default,Payment for Vijay Traders,pay_000348,UTR20260000000035,order_0100349,,netbanking,,,,
pay_000137,payment,0,15798,16180,INR,324,58,False,True,2026-07-25,2026-08-31,setl_000034,,default,Payment for Brightline Logistics,pay_000137,UTR20260000000035,order_0100138,,netbanking,,,,
pay_000435,payment,0,1751955,1794300,INR,35886,6459,False,True,2026-07-23,2026-08-31,setl_000034,,default,Payment for Sunrise Health,pay_000435,UTR20260000000035,order_0100436,,netbanking,,,,
pay_000368,payment,0,25298,25600,INR,256,46,False,True,2026-08-12,2026-08-31,setl_000034,,default,Payment for SilverOak Education,pay_000368,UTR20260000000035,order_0100369,,upi,,,,
pay_000014,payment,0,2355174,2412100,INR,48242,8684,False,True,2026-08-26,2026-08-31,setl_000034,,default,Payment for Nova Technologies,pay_000014,UTR20260000000035,order_0100015,,card,MasterCard,ICIC,debit,
pay_000253,payment,0,826824,846808,INR,16936,3048,False,True,2026-08-13,2026-08-31,setl_000034,,default,Payment for Brightline Logistics,pay_000253,UTR20260000000035,order_0100254,,card,MasterCard,AXIS,debit,
pay_000080,payment,0,478045,489600,INR,9792,1763,False,True,2026-08-29,2026-08-31,setl_000034,,default,Payment for GreenLeaf Distributors,pay_000080,UTR20260000000035,order_0100081,,netbanking,,,,
pay_000149,payment,0,275442,282100,INR,5642,1016,False,True,2026-07-10,2026-08-21,setl_000035,,default,Payment for BluePeak Consulting,pay_000149,UTR20260000000036,order_0100150,,netbanking,,,,
pay_000205,payment,0,471630,483030,INR,9661,1739,False,True,2026-08-19,2026-08-21,setl_000035,,default,Payment for Metro Office Systems,pay_000205,UTR20260000000036,order_0100206,,netbanking,,,,
pay_000139,payment,0,464454,470000,INR,4700,846,False,True,2026-08-08,2026-08-21,setl_000035,,default,Payment for Apex Digital Services,pay_000139,UTR20260000000036,order_0100140,,upi,,,,
pay_000418,payment,0,287072,290500,INR,2905,523,False,True,2026-08-05,2026-08-21,setl_000035,,default,Payment for Metro Office Systems,pay_000418,UTR20260000000036,order_0100419,,upi,,,,
pay_000432,payment,0,66786,68400,INR,1368,246,False,True,2026-07-22,2026-08-21,setl_000035,,default,Payment for Nova Technologies,pay_000432,UTR20260000000036,order_0100433,,netbanking,,,,
pay_000265,payment,0,1509871,1527900,INR,15279,2750,False,True,2026-07-21,2026-08-21,setl_000035,,default,Payment for Vijay Traders,pay_000265,UTR20260000000036,order_0100266,,upi,,,,
pay_000172,payment,0,2414667,2443500,INR,24435,4398,False,True,2026-07-24,2026-08-21,setl_000035,,default,Payment for Northstar Foods,pay_000172,UTR20260000000036,order_0100173,,upi,,,,
pay_000437,payment,0,344376,352700,INR,7054,1270,False,True,2026-07-26,2026-09-16,setl_000036,,default,Payment for Vertex Components,pay_000437,UTR20260000000037,order_0100438,,netbanking,,,,
pay_000448,payment,0,20555,20800,INR,208,37,False,True,2026-08-22,2026-09-16,setl_000036,,default,Payment for Nova Technologies,pay_000448,UTR20260000000037,order_0100449,,upi,,,,
pay_000524,payment,0,427858,438200,INR,8764,1578,False,True,2026-08-14,2026-09-16,setl_000036,,default,Payment for Vertex Components,pay_000524,UTR20260000000037,order_0100525,,card,RuPay,AXIS,credit,
pay_000162,payment,0,19235,19700,INR,394,71,False,True,2026-09-14,2026-09-16,setl_000036,,default,Payment for Nova Technologies,pay_000162,UTR20260000000037,order_0100163,,card,RuPay,HDFC,credit,
pay_000422,payment,0,1250183,1280400,INR,25608,4609,False,True,2026-09-03,2026-09-16,setl_000036,,default,Payment for Kaveri Textiles,pay_000422,UTR20260000000037,order_0100423,,netbanking,,,,
pay_000063,payment,0,1186038,1200200,INR,12002,2160,False,True,2026-08-10,2026-09-16,setl_000036,,default,Payment for Vijay Traders,pay_000063,UTR20260000000037,order_0100064,,upi,,,,
pay_000023,payment,0,28855,29200,INR,292,53,False,True,2026-08-16,2026-09-16,setl_000036,,default,Payment for Kaveri Textiles,pay_000023,UTR20260000000037,order_0100024,,upi,,,,
pay_000157,payment,0,2056787,2106500,INR,42130,7583,False,True,2026-09-26,2026-10-13,setl_000037,,default,Payment for Sunrise Health,pay_000157,UTR20260000000038,order_0100158,,card,RuPay,AXIS,credit,
pay_000375,payment,0,32018,32400,INR,324,58,False,True,2026-09-05,2026-10-13,setl_000037,,default,Payment for Nova Technologies,pay_000375,UTR20260000000038,order_0100376,,upi,,,,
pay_000513,payment,0,72839,74600,INR,1492,269,False,True,2026-09-07,2026-10-13,setl_000037,,default,Payment for UrbanNest Interiors,pay_000513,UTR20260000000038,order_0100514,,card,MasterCard,SBIN,debit,
pay_000260,payment,0,85533,87600,INR,1752,315,False,True,2026-09-04,2026-10-13,setl_000037,,default,Payment for Nova Technologies,pay_000260,UTR20260000000038,order_0100261,,card,Visa,AXIS,credit,
pay_000461,payment,0,1016042,1040600,INR,20812,3746,False,True,2026-10-12,2026-10-13,setl_000037,,default,Payment for Apex Digital Services,pay_000461,UTR20260000000038,order_0100462,,netbanking,,,,
pay_000144,payment,0,279446,286200,INR,5724,1030,False,True,2026-07-11,2026-10-13,setl_000037,,default,Payment for Orion Manufacturing,pay_000144,UTR20260000000038,order_0100145,,card,Visa,AXIS,debit,
pay_000518,payment,0,708964,726100,INR,14522,2614,False,True,2026-07-29,2026-10-13,setl_000037,,default,Payment for Acme Retail Pvt Ltd,pay_000518,UTR20260000000038,order_0100519,,netbanking,,,,
pay_000480,payment,0,2041750,2091100,INR,41822,7528,False,True,2026-08-12,2026-09-28,setl_000038,,default,Payment for Vertex Components,pay_000480,UTR20260000000039,order_0100481,,card,RuPay,SBIN,debit,
pay_000447,payment,0,384311,393600,INR,7872,1417,False,True,2026-09-01,2026-09-28,setl_000038,,default,Payment for Vertex Components,pay_000447,UTR20260000000039,order_0100448,,netbanking,,,,
pay_000439,payment,0,557246,563900,INR,5639,1015,False,True,2026-08-31,2026-09-28,setl_000038,,default,Payment for Kaveri Textiles,pay_000439,UTR20260000000039,order_0100440,,upi,,,,
pay_000189,payment,0,60927,62400,INR,1248,225,False,True,2026-07-10,2026-09-28,setl_000038,,default,Payment for Nova Technologies,pay_000189,UTR20260000000039,order_0100190,,netbanking,,,,
pay_000248,payment,0,210603,215694,INR,4314,777,False,True,2026-09-26,2026-09-28,setl_000038,,default,Payment for Orion Manufacturing,pay_000248,UTR20260000000039,order_0100249,,card,Visa,ICIC,debit,
pay_000020,payment,0,18253,18694,INR,374,67,False,True,2026-07-18,2026-09-28,setl_000038,,default,Payment for UrbanNest Interiors,pay_000020,UTR20260000000039,order_0100021,,card,MasterCard,AXIS,credit,
pay_000018,payment,0,54549,55200,INR,552,99,False,True,2026-07-21,2026-09-28,setl_000038,,default,Payment for UrbanNest Interiors,pay_000018,UTR20260000000039,order_0100019,,upi,,,,
pay_000188,payment,0,19270,19500,INR,195,35,False,True,2026-08-10,2026-09-24,setl_000039,,default,Payment for Sunrise Health,pay_000188,UTR20260000000040,order_0100189,,upi,,,,
pay_000211,payment,0,65809,67400,INR,1348,243,False,True,2026-09-03,2026-09-24,setl_000039,,default,Payment for SilverOak Education,pay_000211,UTR20260000000040,order_0100212,,card,RuPay,ICIC,credit,
pay_000138,payment,0,69324,71000,INR,1420,256,False,True,2026-09-06,2026-09-24,setl_000039,,default,Payment for Brightline Logistics,pay_000138,UTR20260000000040,order_0100139,,netbanking,,,,
pay_000257,payment,0,723415,740900,INR,14818,2667,False,True,2026-07-15,2026-09-24,setl_000039,,default,Payment for Orion Manufacturing,pay_000257,UTR20260000000040,order_0100258,,card,MasterCard,AXIS,credit,
pay_000122,payment,0,412627,422600,INR,8452,1521,False,True,2026-09-22,2026-09-24,setl_000039,,default,Payment for UrbanNest Interiors,pay_000122,UTR20260000000040,order_0100123,,card,RuPay,SBIN,debit,
pay_000256,payment,0,1658415,1698500,INR,33970,6115,False,True,2026-07-24,2026-09-24,setl_000039,,default,Payment for SilverOak Education,pay_000256,UTR20260000000040,order_0100257,,card,RuPay,AXIS,debit,
pay_000004,payment,0,266655,273100,INR,5462,983,False,True,2026-07-29,2026-09-24,setl_000039,,default,Payment for Apex Digital Services,pay_000004,UTR20260000000040,order_0100005,,netbanking,,,,
pay_000309,payment,0,102275,104747,INR,2095,377,False,True,2026-08-12,2026-09-08,setl_000040,,default,Payment for Orion Manufacturing,pay_000309,UTR20260000000041,order_0100310,,card,RuPay,HDFC,debit,
pay_000096,payment,0,248137,251100,INR,2511,452,False,True,2026-07-28,2026-09-08,setl_000040,,default,Payment for Brightline Logistics,pay_000096,UTR20260000000041,order_0100097,,upi,,,,
pay_000116,payment,0,2224142,2277900,INR,45558,8200,False,True,2026-09-02,2026-09-08,setl_000040,,default,Payment for Northstar Foods,pay_000116,UTR20260000000041,order_0100117,,card,RuPay,HDFC,credit,
pay_000182,payment,0,2069089,2119100,INR,42382,7629,False,True,2026-09-06,2026-09-08,setl_000040,,default,Payment for Nova Technologies,pay_000182,UTR20260000000041,order_0100183,,netbanking,,,,
pay_000302,payment,0,58682,60100,INR,1202,216,False,True,2026-07-31,2026-09-08,setl_000040,,default,Payment for GreenLeaf Distributors,pay_000302,UTR20260000000041,order_0100303,,card,MasterCard,ICIC,debit,
pay_000231,payment,0,725075,742600,INR,14852,2673,False,True,2026-08-31,2026-09-08,setl_000040,,default,Payment for BluePeak Consulting,pay_000231,UTR20260000000041,order_0100232,,netbanking,,,,
pay_000284,payment,0,765693,784200,INR,15684,2823,False,True,2026-08-29,2026-09-08,setl_000040,,default,Payment for Kaveri Textiles,pay_000284,UTR20260000000041,order_0100285,,netbanking,,,,
pay_000427,payment,0,1926535,1973100,INR,39462,7103,False,True,2026-07-26,2026-09-16,setl_000041,,default,Payment for Vijay Traders,pay_000427,UTR20260000000042,order_0100428,,card,MasterCard,SBIN,credit,
pay_000444,payment,0,23434,24000,INR,480,86,False,True,2026-08-06,2026-09-16,setl_000041,,default,Payment for SilverOak Education,pay_000444,UTR20260000000042,order_0100445,,netbanking,,,,
pay_000093,payment,0,449632,460500,INR,9210,1658,False,True,2026-09-14,2026-09-16,setl_000041,,default,Payment for GreenLeaf Distributors,pay_000093,UTR20260000000042,order_0100094,,netbanking,,,,
pay_000218,payment,0,25199,25500,INR,255,46,False,True,2026-08-01,2026-09-16,setl_000041,,default,Payment for UrbanNest Interiors,pay_000218,UTR20260000000042,order_0100219,,upi,,,,
pay_000467,payment,0,1346620,1362700,INR,13627,2453,False,True,2026-08-02,2026-09-16,setl_000041,,default,Payment for Vertex Components,pay_000467,UTR20260000000042,order_0100468,,upi,,,,
pay_000213,payment,0,19235,19700,INR,394,71,False,True,2026-07-17,2026-09-16,setl_000041,,default,Payment for Kaveri Textiles,pay_000213,UTR20260000000042,order_0100214,,netbanking,,,,
pay_000071,payment,0,61025,62500,INR,1250,225,False,True,2026-08-14,2026-09-16,setl_000041,,default,Payment for Metro Office Systems,pay_000071,UTR20260000000042,order_0100072,,netbanking,,,,
pay_000044,payment,0,162658,164600,INR,1646,296,False,True,2026-07-27,2026-09-03,setl_000042,,default,Payment for Vertex Components,pay_000044,UTR20260000000043,order_0100045,,upi,,,,
pay_000070,payment,0,201236,206100,INR,4122,742,False,True,2026-08-20,2026-09-03,setl_000042,,default,Payment for Metro Office Systems,pay_000070,UTR20260000000043,order_0100071,,card,RuPay,SBIN,debit,
pay_000224,payment,0,80844,82798,INR,1656,298,False,True,2026-08-04,2026-09-03,setl_000042,,default,Payment for SilverOak Education,pay_000224,UTR20260000000043,order_0100225,,card,RuPay,SBIN,credit,
pay_000383,payment,0,154466,158200,INR,3164,570,False,True,2026-08-11,2026-09-03,setl_000042,,default,Payment for Brightline Logistics,pay_000383,UTR20260000000043,order_0100384,,card,RuPay,SBIN,credit,
pay_000498,payment,0,1782613,1825700,INR,36514,6573,False,True,2026-08-14,2026-09-03,setl_000042,,default,Payment for Kaveri Textiles,pay_000498,UTR20260000000043,order_0100499,,card,Visa,ICIC,debit,
pay_000009,payment,0,137965,141300,INR,2826,509,False,True,2026-07-21,2026-09-03,setl_000042,,default,Payment for UrbanNest Interiors,pay_000009,UTR20260000000043,order_0100010,,netbanking,,,,
pay_000472,payment,0,67567,69200,INR,1384,249,False,True,2026-09-01,2026-09-03,setl_000042,,default,Payment for Vertex Components,pay_000472,UTR20260000000043,order_0100473,,card,MasterCard,AXIS,debit,
pay_000006,payment,0,30952,31700,INR,634,114,False,True,2026-07-16,2026-10-11,setl_000043,,default,Payment for UrbanNest Interiors,pay_000006,UTR20260000000044,order_0100007,,card,Visa,ICIC,credit,
pay_000069,payment,0,2128583,2154000,INR,21540,3877,False,True,2026-08-24,2026-10-11,setl_000043,,default,Payment for Sunrise Health,pay_000069,UTR20260000000044,order_0100070,,upi,,,,
pay_000065,payment,0,23141,23700,INR,474,85,False,True,2026-08-14,2026-10-11,setl_000043,,default,Payment for UrbanNest Interiors,pay_000065,UTR20260000000044,order_0100066,,netbanking,,,,
pay_000148,payment,0,2216526,2270100,INR,45402,8172,False,True,2026-08-09,2026-10-11,setl_000043,,default,Payment for Metro Office Systems,pay_000148,UTR20260000000044,order_0100149,,card,MasterCard,AXIS,credit,
pay_000079,payment,0,201627,206500,INR,4130,743,False,True,2026-10-10,2026-10-11,setl_000043,,default,Payment for Nova Technologies,pay_000079,UTR20260000000044,order_0100080,,card,Visa,ICIC,credit,
pay_000214,payment,0,236710,242432,INR,4849,873,False,True,2026-07-09,2026-10-11,setl_000043,,default,Payment for Sunrise Health,pay_000214,UTR20260000000044,order_0100215,,netbanking,,,,
pay_000185,payment,0,121845,123300,INR,1233,222,False,True,2026-09-12,2026-10-11,setl_000043,,default,Payment for Northstar Foods,pay_000185,UTR20260000000044,order_0100186,,upi,,,,
pay_000403,payment,0,45224,46317,INR,926,167,False,True,2026-08-05,2026-09-20,setl_000044,,default,Payment for Vijay Traders,pay_000403,UTR20260000000045,order_0100404,,card,Visa,AXIS,debit,
pay_000377,payment,0,111864,113200,INR,1132,204,False,True,2026-07-18,2026-09-20,setl_000044,,default,Payment for Orion Manufacturing,pay_000377,UTR20260000000045,order_0100378,,upi,,,,
pay_000097,payment,0,279055,285800,INR,5716,1029,False,True,2026-09-02,2026-09-20,setl_000044,,default,Payment for Brightline Logistics,pay_000097,UTR20260000000045,order_0100098,,card,RuPay,SBIN,credit,
pay_000470,payment,0,683285,699800,INR,13996,2519,False,True,2026-08-20,2026-09-20,setl_000044,,default,Payment for UrbanNest Interiors,pay_000470,UTR20260000000045,order_0100471,,netbanking,,,,
pay_000440,payment,0,207424,212438,INR,4249,765,False,True,2026-09-18,2026-09-20,setl_000044,,default,Payment for GreenLeaf Distributors,pay_000440,UTR20260000000045,order_0100441,,card,Visa,ICIC,credit,
pay_000390,payment,0,993585,1017600,INR,20352,3663,False,True,2026-09-18,2026-09-20,setl_000044,,default,Payment for UrbanNest Interiors,pay_000390,UTR20260000000045,order_0100391,,netbanking,,,,
pay_000109,payment,0,419590,424600,INR,4246,764,False,True,2026-07-23,2026-09-20,setl_000044,,default,Payment for SilverOak Education,pay_000109,UTR20260000000045,order_0100110,,upi,,,,
pay_000280,payment,0,26813,27133,INR,271,49,False,True,2026-08-15,2026-09-08,setl_000045,,default,Payment for GreenLeaf Distributors,pay_000280,UTR20260000000046,order_0100281,,upi,,,,
pay_000338,payment,0,1362664,1395600,INR,27912,5024,False,True,2026-08-27,2026-09-08,setl_000045,,default,Payment for Apex Digital Services,pay_000338,UTR20260000000046,order_0100339,,netbanking,,,,
pay_000313,payment,0,19821,20300,INR,406,73,False,True,2026-08-08,2026-09-08,setl_000045,,default,Payment for Vertex Components,pay_000313,UTR20260000000046,order_0100314,,card,MasterCard,HDFC,credit,
pay_000372,payment,0,86607,88700,INR,1774,319,False,True,2026-08-16,2026-09-08,setl_000045,,default,Payment for SilverOak Education,pay_000372,UTR20260000000046,order_0100373,,netbanking,,,,
pay_000196,payment,0,78917,80824,INR,1616,291,False,True,2026-08-27,2026-09-08,setl_000045,,default,Payment for UrbanNest Interiors,pay_000196,UTR20260000000046,order_0100197,,card,MasterCard,AXIS,credit,
pay_000342,payment,0,20357,20600,INR,206,37,False,True,2026-09-06,2026-09-08,setl_000045,,default,Payment for Metro Office Systems,pay_000342,UTR20260000000046,order_0100343,,upi,,,,
pay_000202,payment,0,217614,222873,INR,4457,802,False,True,2026-07-20,2026-09-08,setl_000045,,default,Payment for SilverOak Education,pay_000202,UTR20260000000046,order_0100203,,card,Visa,HDFC,credit,
pay_000398,payment,0,972494,996000,INR,19920,3586,False,True,2026-09-07,2026-09-09,setl_000046,,default,Payment for Nova Technologies,pay_000398,UTR20260000000047,order_0100399,,card,MasterCard,HDFC,credit,
pay_000222,payment,0,740697,758600,INR,15172,2731,False,True,2026-09-01,2026-09-09,setl_000046,,default,Payment for GreenLeaf Distributors,pay_000222,UTR20260000000047,order_0100223,,netbanking,,,,
pay_000391,payment,0,34192,34600,INR,346,62,False,True,2026-07-18,2026-09-09,setl_000046,,default,Payment for Orion Manufacturing,pay_000391,UTR20260000000047,order_0100392,,upi,,,,
pay_000442,payment,0,32416,33200,INR,664,120,False,True,2026-07-07,2026-09-09,setl_000046,,default,Payment for Nova Technologies,pay_000442,UTR20260000000047,order_0100443,,card,Visa,HDFC,credit,
pay_000433,payment,0,40121,40600,INR,406,73,False,True,2026-08-30,2026-09-09,setl_000046,,default,Payment for Northstar Foods,pay_000433,UTR20260000000047,order_0100434,,upi,,,,
pay_000057,payment,0,484665,496380,INR,9928,1787,False,True,2026-08-16,2026-09-09,setl_000046,,default,Payment for Orion Manufacturing,pay_000057,UTR20260000000047,order_0100058,,netbanking,,,,
pay_000184,payment,0,33295,34100,INR,682,123,False,True,2026-09-08,2026-09-09,setl_000046,,default,Payment for Northstar Foods,pay_000184,UTR20260000000047,order_0100185,,card,RuPay,SBIN,credit,
pay_000287,payment,0,144898,148400,INR,2968,534,False,True,2026-08-22,2026-10-10,setl_000047,,default,Payment for GreenLeaf Distributors,pay_000287,UTR20260000000048,order_0100288,,card,RuPay,SBIN,debit,
pay_000355,payment,0,2430280,2459300,INR,24593,4427,False,True,2026-10-08,2026-10-10,setl_000047,,default,Payment for Nova Technologies,pay_000355,UTR20260000000048,order_0100356,,upi,,,,
pay_000505,payment,0,10125,10245,INR,102,18,False,True,2026-08-14,2026-10-10,setl_000047,,default,Payment for Vijay Traders,pay_000505,UTR20260000000048,order_0100506,,upi,,,,
pay_000282,payment,0,164535,166500,INR,1665,300,False,True,2026-08-10,2026-10-10,setl_000047,,default,Payment for Sunrise Health,pay_000282,UTR20260000000048,order_0100283,,upi,,,,
pay_000190,payment,0,28065,28400,INR,284,51,False,True,2026-09-10,2026-10-10,setl_000047,,default,Payment for Vertex Components,pay_000190,UTR20260000000048,order_0100191,,upi,,,,
pay_000500,payment,0,450034,460911,INR,9218,1659,False,True,2026-08-20,2026-10-10,setl_000047,,default,Payment for Apex Digital Services,pay_000500,UTR20260000000048,order_0100501,,netbanking,,,,
pay_000151,payment,0,49904,50500,INR,505,91,False,True,2026-08-06,2026-10-10,setl_000047,,default,Payment for GreenLeaf Distributors,pay_000151,UTR20260000000048,order_0100152,,upi,,,,
pay_000428,payment,0,122242,123702,INR,1237,223,False,True,2026-08-14,2026-09-17,setl_000048,,default,Payment for Northstar Foods,pay_000428,UTR20260000000049,order_0100429,,upi,,,,
pay_000207,payment,0,469844,481200,INR,9624,1732,False,True,2026-08-05,2026-09-17,setl_000048,,default,Payment for Northstar Foods,pay_000207,UTR20260000000049,order_0100208,,card,Visa,HDFC,credit,
pay_000262,payment,0,848963,859100,INR,8591,1546,False,True,2026-08-05,2026-09-17,setl_000048,,default,Payment for BluePeak Consulting,pay_000262,UTR20260000000049,order_0100263,,upi,,,,
pay_000314,payment,0,48429,49600,INR,992,179,False,True,2026-08-24,2026-09-17,setl_000048,,default,Payment for Kaveri Textiles,pay_000314,UTR20260000000049,order_0100315,,card,RuPay,AXIS,debit,
pay_000005,payment,0,136305,139600,INR,2792,503,False,True,2026-08-02,2026-09-17,setl_000048,,default,Payment for UrbanNest Interiors,pay_000005,UTR20260000000049,order_0100006,,card,RuPay,ICIC,debit,
pay_000299,payment,0,51749,53000,INR,1060,191,False,True,2026-09-01,2026-09-17,setl_000048,,default,Payment for BluePeak Consulting,pay_000299,UTR20260000000049,order_0100300,,card,RuPay,HDFC,credit,
pay_000046,payment,0,1348893,1365000,INR,13650,2457,False,True,2026-09-15,2026-09-17,setl_000048,,default,Payment for Vijay Traders,pay_000046,UTR20260000000049,order_0100047,,upi,,,,
pay_000177,payment,0,262762,265900,INR,2659,479,False,True,2026-08-26,2026-09-16,setl_000049,,default,Payment for Apex Digital Services,pay_000177,UTR20260000000050,order_0100178,,upi,,,,
pay_000396,payment,0,57412,58800,INR,1176,212,False,True,2026-07-19,2026-09-16,setl_000049,,default,Payment for UrbanNest Interiors,pay_000396,UTR20260000000050,order_0100397,,card,RuPay,ICIC,debit,
pay_000156,payment,0,33979,34800,INR,696,125,False,True,2026-08-28,2026-09-16,setl_000049,,default,Payment for Vijay Traders,pay_000156,UTR20260000000050,order_0100157,,card,Visa,SBIN,credit,
pay_000292,payment,0,16227,16619,INR,332,60,False,True,2026-09-13,2026-09-16,setl_000049,,default,Payment for Apex Digital Services,pay_000292,UTR20260000000050,order_0100293,,netbanking,,,,
pay_000154,payment,0,103889,106400,INR,2128,383,False,True,2026-09-07,2026-09-16,setl_000049,,default,Payment for UrbanNest Interiors,pay_000154,UTR20260000000050,order_0100155,,netbanking,,,,
pay_000163,payment,0,121562,124500,INR,2490,448,False,True,2026-08-20,2026-09-16,setl_000049,,default,Payment for Brightline Logistics,pay_000163,UTR20260000000050,order_0100164,,netbanking,,,,
pay_000106,payment,0,372497,381500,INR,7630,1373,False,True,2026-08-30,2026-09-16,setl_000049,,default,Payment for Vijay Traders,pay_000106,UTR20260000000050,order_0100107,,netbanking,,,,
pay_000101,payment,0,1791607,1813000,INR,18130,3263,False,True,2026-10-10,2026-10-12,setl_000050,,default,Payment for BluePeak Consulting,pay_000101,UTR20260000000051,order_0100102,,upi,,,,
pay_000492,payment,0,100960,103400,INR,2068,372,False,True,2026-08-18,2026-10-12,setl_000050,,default,Payment for Nova Technologies,pay_000492,UTR20260000000051,order_0100493,,card,Visa,SBIN,debit,
pay_000296,payment,0,2146667,2172300,INR,21723,3910,False,True,2026-07-17,2026-10-12,setl_000050,,default,Payment for Sunrise Health,pay_000296,UTR20260000000051,order_0100297,,upi,,,,
pay_000515,payment,0,104475,107000,INR,2140,385,False,True,2026-08-22,2026-10-12,setl_000050,,default,Payment for Kaveri Textiles,pay_000515,UTR20260000000051,order_0100516,,netbanking,,,,
pay_000200,payment,0,835251,855440,INR,17109,3080,False,True,2026-08-05,2026-10-12,setl_000050,,default,Payment for Apex Digital Services,pay_000200,UTR20260000000051,order_0100201,,netbanking,,,,
pay_000150,payment,0,34488,34900,INR,349,63,False,True,2026-08-04,2026-10-12,setl_000050,,default,Payment for SilverOak Education,pay_000150,UTR20260000000051,order_0100151,,upi,,,,
pay_000414,payment,0,9520,9750,INR,195,35,False,True,2026-07-13,2026-10-12,setl_000050,,default,Payment for UrbanNest Interiors,pay_000414,UTR20260000000051,order_0100415,,netbanking,,,,
pay_000232,payment,0,153199,155028,INR,1550,279,False,True,2026-08-13,2026-08-30,setl_000051,,default,Payment for Brightline Logistics,pay_000232,UTR20260000000052,order_0100233,,upi,,,,
pay_000077,payment,0,34751,35166,INR,352,63,False,True,2026-08-20,2026-08-30,setl_000051,,default,Payment for BluePeak Consulting,pay_000077,UTR20260000000052,order_0100078,,upi,,,,
pay_000362,payment,0,85533,87600,INR,1752,315,False,True,2026-08-22,2026-08-30,setl_000051,,default,Payment for GreenLeaf Distributors,pay_000362,UTR20260000000052,order_0100363,,netbanking,,,,
pay_000076,payment,0,24150,24734,INR,495,89,False,True,2026-08-10,2026-08-30,setl_000051,,default,Payment for BluePeak Consulting,pay_000076,UTR20260000000052,order_0100077,,netbanking,,,,
pay_000001,payment,0,24410,25000,INR,500,90,False,True,2026-07-13,2026-08-30,setl_000051,,default,Payment for Kaveri Textiles,pay_000001,UTR20260000000052,order_0100002,,netbanking,,,,
pay_000326,payment,0,2034134,2083300,INR,41666,7500,False,True,2026-08-28,2026-08-30,setl_000051,,default,Payment for Acme Retail Pvt Ltd,pay_000326,UTR20260000000052,order_0100327,,netbanking,,,,
pay_000298,payment,0,961631,984875,INR,19698,3546,False,True,2026-08-09,2026-08-30,setl_000051,,default,Payment for Sunrise Health,pay_000298,UTR20260000000052,order_0100299,,netbanking,,,,
pay_000072,payment,0,46574,47700,INR,954,172,False,True,2026-09-04,2026-09-10,setl_000052,,default,Payment for GreenLeaf Distributors,pay_000072,UTR20260000000053,order_0100073,,card,RuPay,AXIS,credit,
pay_000112,payment,0,1048654,1074000,INR,21480,3866,False,True,2026-09-07,2026-09-10,setl_000052,,default,Payment for Kaveri Textiles,pay_000112,UTR20260000000053,order_0100113,,card,MasterCard,AXIS,credit,
pay_000047,payment,0,19821,20300,INR,406,73,False,True,2026-09-09,2026-09-10,setl_000052,,default,Payment for Vertex Components,pay_000047,UTR20260000000053,order_0100048,,card,Visa,ICIC,debit,
pay_000032,payment,0,10441,10694,INR,214,39,False,True,2026-08-18,2026-09-10,setl_000052,,default,Payment for SilverOak Education,pay_000032,UTR20260000000053,order_0100033,,card,MasterCard,HDFC,credit,
pay_000339,payment,0,2362595,2419700,INR,48394,8711,False,True,2026-08-06,2026-09-10,setl_000052,,default,Payment for GreenLeaf Distributors,pay_000339,UTR20260000000053,order_0100340,,netbanking,,,,
pay_000331,payment,0,18942,19400,INR,388,70,False,True,2026-08-30,2026-09-10,setl_000052,,default,Payment for Orion Manufacturing,pay_000331,UTR20260000000053,order_0100332,,card,MasterCard,ICIC,debit,
pay_000254,payment,0,64247,65800,INR,1316,237,False,True,2026-07-03,2026-09-10,setl_000052,,default,Payment for Sunrise Health,pay_000254,UTR20260000000053,order_0100255,,card,Visa,AXIS,credit,
pay_000168,payment,0,71863,73600,INR,1472,265,False,True,2026-09-15,2026-09-20,setl_000053,,default,Payment for Nova Technologies,pay_000168,UTR20260000000054,order_0100169,,netbanking,,,,
pay_000195,payment,0,57119,58500,INR,1170,211,False,True,2026-08-05,2026-09-20,setl_000053,,default,Payment for Orion Manufacturing,pay_000195,UTR20260000000054,order_0100196,,card,MasterCard,SBIN,debit,
pay_000380,payment,0,56534,57900,INR,1158,208,False,True,2026-07-16,2026-09-20,setl_000053,,default,Payment for SilverOak Education,pay_000380,UTR20260000000054,order_0100381,,card,MasterCard,AXIS,debit,
pay_000465,payment,0,33491,34300,INR,686,123,False,True,2026-08-06,2026-09-20,setl_000053,,default,Payment for Acme Retail Pvt Ltd,pay_000465,UTR20260000000054,order_0100466,,card,MasterCard,SBIN,credit,
pay_000056,payment,0,21969,22500,INR,450,81,False,True,2026-09-17,2026-09-20,setl_000053,,default,Payment for Northstar Foods,pay_000056,UTR20260000000054,order_0100057,,netbanking,,,,
pay_000307,payment,0,68934,70600,INR,1412,254,False,True,2026-08-02,2026-09-20,setl_000053,,default,Payment for BluePeak Consulting,pay_000307,UTR20260000000054,order_0100308,,card,Visa,HDFC,debit,
pay_000036,payment,0,468184,479500,INR,9590,1726,False,True,2026-08-07,2026-09-20,setl_000053,,default,Payment for Nova Technologies,pay_000036,UTR20260000000054,order_0100037,,netbanking,,,,
pay_000425,payment,0,149877,153500,INR,3070,553,False,True,2026-07-13,2026-09-11,setl_000054,,default,Payment for Apex Digital Services,pay_000425,UTR20260000000055,order_0100426,,netbanking,,,,
pay_000158,payment,0,207583,212600,INR,4252,765,False,True,2026-07-22,2026-09-11,setl_000054,,default,Payment for Northstar Foods,pay_000158,UTR20260000000055,order_0100159,,netbanking,,,,
pay_000091,payment,0,26199,26833,INR,537,97,False,True,2026-08-11,2026-09-11,setl_000054,,default,Payment for Kaveri Textiles,pay_000091,UTR20260000000055,order_0100092,,card,Visa,HDFC,credit,
pay_000228,payment,0,26558,27200,INR,544,98,False,True,2026-07-29,2026-09-11,setl_000054,,default,Payment for Northstar Foods,pay_000228,UTR20260000000055,order_0100229,,card,MasterCard,HDFC,credit,
pay_000468,payment,0,11189,11459,INR,229,41,False,True,2026-09-09,2026-09-11,setl_000054,,default,Payment for Vijay Traders,pay_000468,UTR20260000000055,order_0100469,,card,MasterCard,SBIN,credit,
pay_000424,payment,0,926339,937400,INR,9374,1687,False,True,2026-08-10,2026-09-11,setl_000054,,default,Payment for GreenLeaf Distributors,pay_000424,UTR20260000000055,order_0100425,,upi,,,,
pay_000420,payment,0,87583,89700,INR,1794,323,False,True,2026-08-17,2026-09-11,setl_000054,,default,Payment for Vijay Traders,pay_000420,UTR20260000000055,order_0100421,,card,RuPay,HDFC,credit,
pay_000238,payment,0,70984,72700,INR,1454,262,False,True,2026-07-31,2026-09-07,setl_000055,,default,Payment for Metro Office Systems,pay_000238,UTR20260000000056,order_0100239,,card,Visa,SBIN,debit,
pay_000499,payment,0,749571,767689,INR,15354,2764,False,True,2026-08-31,2026-09-07,setl_000055,,default,Payment for Apex Digital Services,pay_000499,UTR20260000000056,order_0100500,,netbanking,,,,
pay_000497,payment,0,59885,60600,INR,606,109,False,True,2026-08-04,2026-09-07,setl_000055,,default,Payment for UrbanNest Interiors,pay_000497,UTR20260000000056,order_0100498,,upi,,,,
pay_000059,payment,0,39056,40000,INR,800,144,False,True,2026-07-27,2026-09-07,setl_000055,,default,Payment for Vijay Traders,pay_000059,UTR20260000000056,order_0100060,,card,RuPay,SBIN,credit,
pay_000443,payment,0,32124,32900,INR,658,118,False,True,2026-09-04,2026-09-07,setl_000055,,default,Payment for Sunrise Health,pay_000443,UTR20260000000056,order_0100444,,card,Visa,AXIS,credit,
pay_000294,payment,0,99253,100438,INR,1004,181,False,True,2026-07-14,2026-09-07,setl_000055,,default,Payment for Northstar Foods,pay_000294,UTR20260000000056,order_0100295,,upi,,,,
pay_000365,payment,0,22652,23200,INR,464,84,False,True,2026-07-15,2026-09-07,setl_000055,,default,Payment for Orion Manufacturing,pay_000365,UTR20260000000056,order_0100366,,card,MasterCard,SBIN,debit,
pay_000379,payment,0,70594,72300,INR,1446,260,False,True,2026-09-03,2026-09-19,setl_000056,,default,Payment for Apex Digital Services,pay_000379,UTR20260000000057,order_0100380,,netbanking,,,,
pay_000040,payment,0,1240711,1270700,INR,25414,4575,False,True,2026-07-07,2026-09-19,setl_000056,,default,Payment for Metro Office Systems,pay_000040,UTR20260000000057,order_0100041,,netbanking,,,,
pay_000343,payment,0,18084,18300,INR,183,33,False,True,2026-08-22,2026-09-19,setl_000056,,default,Payment for UrbanNest Interiors,pay_000343,UTR20260000000057,order_0100344,,upi,,,,
pay_000340,payment,0,981575,1005300,INR,20106,3619,False,True,2026-07-25,2026-09-19,setl_000056,,default,Payment for Apex Digital Services,pay_000340,UTR20260000000057,order_0100341,,netbanking,,,,
pay_000089,payment,0,427858,438200,INR,8764,1578,False,True,2026-09-16,2026-09-19,setl_000056,,default,Payment for Vertex Components,pay_000089,UTR20260000000057,order_0100090,,card,RuPay,ICIC,debit,
pay_000121,payment,0,32514,33300,INR,666,120,False,True,2026-08-13,2026-09-19,setl_000056,,default,Payment for Nova Technologies,pay_000121,UTR20260000000057,order_0100122,,card,MasterCard,ICIC,debit,
pay_000399,payment,0,19962,20200,INR,202,36,False,True,2026-09-09,2026-09-19,setl_000056,,default,Payment for Sunrise Health,pay_000399,UTR20260000000057,order_0100400,,upi,,,,
pay_000279,payment,0,8643,8852,INR,177,32,False,True,2026-09-22,2026-09-23,setl_000057,,default,Payment for SilverOak Education,pay_000279,UTR20260000000058,order_0100280,,netbanking,,,,
pay_000519,payment,0,175010,177100,INR,1771,319,False,True,2026-08-16,2026-09-23,setl_000057,,default,Payment for GreenLeaf Distributors,pay_000519,UTR20260000000058,order_0100520,,upi,,,,
pay_000475,payment,0,176067,180322,INR,3606,649,False,True,2026-08-30,2026-09-23,setl_000057,,default,Payment for Brightline Logistics,pay_000475,UTR20260000000058,order_0100476,,card,MasterCard,ICIC,credit,
pay_000223,payment,0,48724,49902,INR,998,180,False,True,2026-07-23,2026-09-23,setl_000057,,default,Payment for SilverOak Education,pay_000223,UTR20260000000058,order_0100224,,card,MasterCard,SBIN,debit,
pay_000221,payment,0,1098977,1112100,INR,11121,2002,False,True,2026-09-19,2026-09-23,setl_000057,,default,Payment for Orion Manufacturing,pay_000221,UTR20260000000058,order_0100222,,upi,,,,
pay_000471,payment,0,191863,196500,INR,3930,707,False,True,2026-08-31,2026-09-23,setl_000057,,default,Payment for Orion Manufacturing,pay_000471,UTR20260000000058,order_0100472,,netbanking,,,,
pay_000356,payment,0,31524,31900,INR,319,57,False,True,2026-08-09,2026-09-23,setl_000057,,default,Payment for Metro Office Systems,pay_000356,UTR20260000000058,order_0100357,,upi,,,,
pay_000107,payment,0,27787,28458,INR,569,102,False,True,2026-08-15,2026-08-17,setl_000058,,default,Payment for Kaveri Textiles,pay_000107,UTR20260000000059,order_0100108,,netbanking,,,,
pay_000175,payment,0,383619,388200,INR,3882,699,False,True,2026-08-08,2026-08-17,setl_000058,,default,Payment for Orion Manufacturing,pay_000175,UTR20260000000059,order_0100176,,upi,,,,
pay_000446,payment,0,551959,565300,INR,11306,2035,False,True,2026-07-25,2026-08-17,setl_000058,,default,Payment for Acme Retail Pvt Ltd,pay_000446,UTR20260000000059,order_0100447,,netbanking,,,,
pay_000506,payment,0,17043,17455,INR,349,63,False,True,2026-08-13,2026-08-17,setl_000058,,default,Payment for Vijay Traders,pay_000506,UTR20260000000059,order_0100507,,netbanking,,,,
pay_000247,payment,0,27632,28300,INR,566,102,False,True,2026-08-16,2026-08-17,setl_000058,,default,Payment for BluePeak Consulting,pay_000247,UTR20260000000059,order_0100248,,card,MasterCard,HDFC,debit,
pay_000082,payment,0,892039,913600,INR,18272,3289,False,True,2026-07-30,2026-08-17,setl_000058,,default,Payment for Vijay Traders,pay_000082,UTR20260000000059,order_0100083,,card,MasterCard,HDFC,debit,
pay_000531,payment,0,32215,32600,INR,326,59,False,True,2026-07-16,2026-08-17,setl_000058,,default,Payment for SilverOak Education,pay_000531,UTR20260000000059,order_0100532,,upi,,,,
pay_000125,payment,0,20258,20500,INR,205,37,False,True,2026-08-25,2026-10-02,setl_000059,,default,Payment for Nova Technologies,pay_000125,UTR20260000000060,order_0100126,,upi,,,,
pay_000318,payment,0,230191,235755,INR,4715,849,False,True,2026-09-29,2026-10-02,setl_000059,,default,Payment for Metro Office Systems,pay_000318,UTR20260000000060,order_0100319,,card,Visa,ICIC,credit,
pay_000123,payment,0,67957,69600,INR,1392,251,False,True,2026-09-10,2026-10-02,setl_000059,,default,Payment for BluePeak Consulting,pay_000123,UTR20260000000060,order_0100124,,netbanking,,,,
pay_000526,payment,0,213649,216200,INR,2162,389,False,True,2026-08-21,2026-10-02,setl_000059,,default,Payment for UrbanNest Interiors,pay_000526,UTR20260000000060,order_0100527,,upi,,,,
pay_000303,payment,0,2230098,2284000,INR,45680,8222,False,True,2026-07-17,2026-10-02,setl_000059,,default,Payment for UrbanNest Interiors,pay_000303,UTR20260000000060,order_0100304,,card,RuPay,HDFC,credit,
pay_000206,payment,0,58779,60200,INR,1204,217,False,True,2026-07-16,2026-10-02,setl_000059,,default,Payment for Vertex Components,pay_000206,UTR20260000000060,order_0100207,,netbanking,,,,
pay_000436,payment,0,466430,472000,INR,4720,850,False,True,2026-08-19,2026-10-02,setl_000059,,default,Payment for Kaveri Textiles,pay_000436,UTR20260000000060,order_0100437,,upi,,,,
pay_000273,payment,0,818526,828300,INR,8283,1491,False,True,2026-09-21,2026-10-05,setl_000060,,default,Payment for Kaveri Textiles,pay_000273,UTR20260000000061,order_0100274,,upi,,,,
pay_000155,payment,0,19369,19600,INR,196,35,False,True,2026-08-01,2026-10-05,setl_000060,,default,Payment for Brightline Logistics,pay_000155,UTR20260000000061,order_0100156,,upi,,,,
pay_000406,payment,0,2091254,2141800,INR,42836,7710,False,True,2026-08-30,2026-10-05,setl_000060,,default,Payment for Acme Retail Pvt Ltd,pay_000406,UTR20260000000061,order_0100407,,netbanking,,,,
pay_000037,payment,0,13288,13446,INR,134,24,False,True,2026-10-03,2026-10-05,setl_000060,,default,Payment for Brightline Logistics,pay_000037,UTR20260000000061,order_0100038,,upi,,,,
pay_000333,payment,0,268258,271462,INR,2715,489,False,True,2026-09-17,2026-10-05,setl_000060,,default,Payment for Vertex Components,pay_000333,UTR20260000000061,order_0100334,,upi,,,,
pay_000285,payment,0,196842,201600,INR,4032,726,False,True,2026-07-15,2026-10-05,setl_000060,,default,Payment for Nova Technologies,pay_000285,UTR20260000000061,order_0100286,,netbanking,,,,
pay_000445,payment,0,172920,177100,INR,3542,638,False,True,2026-08-30,2026-10-05,setl_000060,,default,Payment for GreenLeaf Distributors,pay_000445,UTR20260000000061,order_0100446,,netbanking,,,,
pay_000507,payment,0,59463,60900,INR,1218,219,False,True,2026-07-15,2026-09-25,setl_000061,,default,Payment for Nova Technologies,pay_000507,UTR20260000000062,order_0100508,,card,RuPay,HDFC,debit,
pay_000408,payment,0,18942,19400,INR,388,70,False,True,2026-08-31,2026-09-25,setl_000061,,default,Payment for Brightline Logistics,pay_000408,UTR20260000000062,order_0100409,,netbanking,,,,
pay_000485,payment,0,161204,165100,INR,3302,594,False,True,2026-08-10,2026-09-25,setl_000061,,default,Payment for SilverOak Education,pay_000485,UTR20260000000062,order_0100486,,card,RuPay,AXIS,debit,
pay_000487,payment,0,1973402,2021100,INR,40422,7276,False,True,2026-08-10,2026-09-25,setl_000061,,default,Payment for Sunrise Health,pay_000487,UTR20260000000062,order_0100488,,card,RuPay,HDFC,debit,
pay_000208,payment,0,932169,954700,INR,19094,3437,False,True,2026-07-23,2026-09-25,setl_000061,,default,Payment for Nova Technologies,pay_000208,UTR20260000000062,order_0100209,,netbanking,,,,
pay_000053,payment,0,533161,546048,INR,10921,1966,False,True,2026-09-12,2026-09-25,setl_000061,,default,Payment for SilverOak Education,pay_000053,UTR20260000000062,order_0100054,,netbanking,,,,
pay_000261,payment,0,2118983,2170200,INR,43404,7813,False,True,2026-09-22,2026-09-25,setl_000061,,default,Payment for Apex Digital Services,pay_000261,UTR20260000000062,order_0100262,,card,MasterCard,AXIS,debit,
pay_000066,payment,0,60478,61200,INR,612,110,False,True,2026-08-14,2026-09-23,setl_000062,,default,Payment for Sunrise Health,pay_000066,UTR20260000000063,order_0100067,,upi,,,,
pay_000295,payment,0,59426,60862,INR,1217,219,False,True,2026-07-30,2026-09-23,setl_000062,,default,Payment for Northstar Foods,pay_000295,UTR20260000000063,order_0100296,,card,MasterCard,ICIC,debit,
pay_000310,payment,0,134645,136253,INR,1363,245,False,True,2026-09-21,2026-09-23,setl_000062,,default,Payment for Orion Manufacturing,pay_000310,UTR20260000000063,order_0100311,,upi,,,,
pay_000179,payment,0,82506,84500,INR,1690,304,False,True,2026-08-22,2026-09-23,setl_000062,,default,Payment for Orion Manufacturing,pay_000179,UTR20260000000063,order_0100180,,netbanking,,,,
pay_000394,payment,0,30464,31200,INR,624,112,False,True,2026-08-03,2026-09-23,setl_000062,,default,Payment for Northstar Foods,pay_000394,UTR20260000000063,order_0100395,,netbanking,,,,
pay_000522,payment,0,683285,699800,INR,13996,2519,False,True,2026-08-13,2026-09-23,setl_000062,,default,Payment for UrbanNest Interiors,pay_000522,UTR20260000000063,order_0100523,,netbanking,,,,
pay_000088,payment,0,168038,172100,INR,3442,620,False,True,2026-09-04,2026-09-23,setl_000062,,default,Payment for GreenLeaf Distributors,pay_000088,UTR20260000000063,order_0100089,,netbanking,,,,
pay_000434,payment,0,20700,21200,INR,424,76,False,True,2026-10-15,2026-10-18,setl_000063,,default,Payment for Vijay Traders,pay_000434,UTR20260000000064,order_0100435,,netbanking,,,,
pay_000237,payment,0,725465,743000,INR,14860,2675,False,True,2026-08-23,2026-10-18,setl_000063,,default,Payment for SilverOak Education,pay_000237,UTR20260000000064,order_0100238,,netbanking,,,,
pay_000246,payment,0,109747,112400,INR,2248,405,False,True,2026-08-07,2026-10-18,setl_000063,,default,Payment for UrbanNest Interiors,pay_000246,UTR20260000000064,order_0100247,,netbanking,,,,
pay_000180,payment,0,177283,179400,INR,1794,323,False,True,2026-07-24,2026-10-18,setl_000063,,default,Payment for Nova Technologies,pay_000180,UTR20260000000064,order_0100181,,upi,,,,
pay_000058,payment,0,373493,382520,INR,7650,1377,False,True,2026-08-07,2026-10-18,setl_000063,,default,Payment for Orion Manufacturing,pay_000058,UTR20260000000064,order_0100059,,card,MasterCard,HDFC,debit,
pay_000244,payment,0,204307,206746,INR,2067,372,False,True,2026-08-19,2026-10-18,setl_000063,,default,Payment for Nova Technologies,pay_000244,UTR20260000000064,order_0100245,,upi,,,,
pay_000034,payment,0,446692,457489,INR,9150,1647,False,True,2026-07-22,2026-10-18,setl_000063,,default,Payment for SilverOak Education,pay_000034,UTR20260000000064,order_0100035,,card,Visa,SBIN,credit,
pay_000529,payment,0,457443,468500,INR,9370,1687,False,True,2026-08-25,2026-09-11,setl_000064,,default,Payment for Nova Technologies,pay_000529,UTR20260000000065,order_0100530,,netbanking,,,,
pay_000250,payment,0,27867,28200,INR,282,51,False,True,2026-08-31,2026-09-11,setl_000064,,default,Payment for GreenLeaf Distributors,pay_000250,UTR20260000000065,order_0100251,,upi,,,,
pay_000233,payment,0,85213,87272,INR,1745,314,False,True,2026-08-09,2026-09-11,setl_000064,,default,Payment for Brightline Logistics,pay_000233,UTR20260000000065,order_0100234,,card,Visa,AXIS,debit,
pay_000167,payment,0,206899,211900,INR,4238,763,False,True,2026-09-09,2026-09-11,setl_000064,,default,Payment for Kaveri Textiles,pay_000167,UTR20260000000065,order_0100168,,netbanking,,,,
pay_000456,payment,0,26265,26900,INR,538,97,False,True,2026-08-03,2026-09-11,setl_000064,,default,Payment for Vijay Traders,pay_000456,UTR20260000000065,order_0100457,,card,RuPay,AXIS,credit,
pay_000404,payment,0,57892,58583,INR,586,105,False,True,2026-08-08,2026-09-11,setl_000064,,default,Payment for Vijay Traders,pay_000404,UTR20260000000065,order_0100405,,upi,,,,
pay_000170,payment,0,18845,19300,INR,386,69,False,True,2026-07-29,2026-09-11,setl_000064,,default,Payment for Brightline Logistics,pay_000170,UTR20260000000065,order_0100171,,card,RuPay,ICIC,debit,
pay_000341,payment,0,1100855,1114000,INR,11140,2005,False,True,2026-08-09,2026-09-09,setl_000065,,default,Payment for Sunrise Health,pay_000341,UTR20260000000066,order_0100342,,upi,,,,
pay_000493,payment,0,1603835,1642600,INR,32852,5913,False,True,2026-09-06,2026-09-09,setl_000065,,default,Payment for BluePeak Consulting,pay_000493,UTR20260000000066,order_0100494,,netbanking,,,,
pay_000094,payment,0,75894,76800,INR,768,138,False,True,2026-07-20,2026-09-09,setl_000065,,default,Payment for Metro Office Systems,pay_000094,UTR20260000000066,order_0100095,,upi,,,,
pay_000502,payment,0,468209,473800,INR,4738,853,False,True,2026-08-05,2026-09-09,setl_000065,,default,Payment for Sunrise Health,pay_000502,UTR20260000000066,order_0100503,,upi,,,,
pay_000187,payment,0,84459,86500,INR,1730,311,False,True,2026-08-28,2026-09-09,setl_000065,,default,Payment for UrbanNest Interiors,pay_000187,UTR20260000000066,order_0100188,,netbanking,,,,
pay_000133,payment,0,101350,103800,INR,2076,374,False,True,2026-08-22,2026-09-09,setl_000065,,default,Payment for Kaveri Textiles,pay_000133,UTR20260000000066,order_0100134,,card,MasterCard,ICIC,credit,
pay_000491,payment,0,34192,34600,INR,346,62,False,True,2026-08-13,2026-09-09,setl_000065,,default,Payment for Kaveri Textiles,pay_000491,UTR20260000000066,order_0100492,,upi,,,,
pay_000441,payment,0,117755,119162,INR,1192,215,False,True,2026-08-15,2026-09-25,setl_000066,,default,Payment for GreenLeaf Distributors,pay_000441,UTR20260000000067,order_0100442,,upi,,,,
pay_000074,payment,0,288331,295300,INR,5906,1063,False,True,2026-08-11,2026-09-25,setl_000066,,default,Payment for Orion Manufacturing,pay_000074,UTR20260000000067,order_0100075,,netbanking,,,,
pay_000115,payment,0,279446,286200,INR,5724,1030,False,True,2026-09-22,2026-09-25,setl_000066,,default,Payment for BluePeak Consulting,pay_000115,UTR20260000000067,order_0100116,,netbanking,,,,
pay_000119,payment,0,531943,544800,INR,10896,1961,False,True,2026-08-13,2026-09-25,setl_000066,,default,Payment for Kaveri Textiles,pay_000119,UTR20260000000067,order_0100120,,netbanking,,,,
pay_000241,payment,0,280278,283624,INR,2836,510,False,True,2026-09-08,2026-09-25,setl_000066,,default,Payment for Vertex Components,pay_000241,UTR20260000000067,order_0100242,,upi,,,,
pay_000476,payment,0,145737,147478,INR,1475,266,False,True,2026-09-08,2026-09-25,setl_000066,,default,Payment for Brightline Logistics,pay_000476,UTR20260000000067,order_0100477,,upi,,,,
pay_000393,payment,0,28559,28900,INR,289,52,False,True,2026-09-09,2026-09-25,setl_000066,,default,Payment for BluePeak Consulting,pay_000393,UTR20260000000067,order_0100394,,upi,,,,
pay_000364,payment,0,1119443,1146500,INR,22930,4127,False,True,2026-08-18,2026-10-08,setl_000067,,default,Payment for Kaveri Textiles,pay_000364,UTR20260000000068,order_0100365,,card,RuPay,ICIC,debit,
pay_000330,payment,0,23420,23700,INR,237,43,False,True,2026-08-03,2026-10-08,setl_000067,,default,Payment for Orion Manufacturing,pay_000330,UTR20260000000068,order_0100331,,upi,,,,
pay_000351,payment,0,1530800,1567800,INR,31356,5644,False,True,2026-10-06,2026-10-08,setl_000067,,default,Payment for Brightline Logistics,pay_000351,UTR20260000000068,order_0100352,,card,Visa,ICIC,credit,
pay_000159,payment,0,29251,29600,INR,296,53,False,True,2026-09-05,2026-10-08,setl_000067,,default,Payment for Apex Digital Services,pay_000159,UTR20260000000068,order_0100160,,upi,,,,
pay_000234,payment,0,64442,66000,INR,1320,238,False,True,2026-07-30,2026-10-08,setl_000067,,default,Payment for SilverOak Education,pay_000234,UTR20260000000068,order_0100235,,card,Visa,SBIN,debit,
pay_000050,payment,0,83970,86000,INR,1720,310,False,True,2026-08-26,2026-10-08,setl_000067,,default,Payment for Acme Retail Pvt Ltd,pay_000050,UTR20260000000068,order_0100051,,card,MasterCard,AXIS,debit,
pay_000240,payment,0,199296,201676,INR,2017,363,False,True,2026-08-27,2026-10-08,setl_000067,,default,Payment for Vertex Components,pay_000240,UTR20260000000068,order_0100241,,upi,,,,
pay_000358,payment,0,57705,59100,INR,1182,213,False,True,2026-08-11,2026-09-07,setl_000068,,default,Payment for Metro Office Systems,pay_000358,UTR20260000000069,order_0100359,,netbanking,,,,
pay_000411,payment,0,457443,468500,INR,9370,1687,False,True,2026-08-24,2026-09-07,setl_000068,,default,Payment for Nova Technologies,pay_000411,UTR20260000000069,order_0100412,,netbanking,,,,
pay_000417,payment,0,64925,65700,INR,657,118,False,True,2026-08-29,2026-09-07,setl_000068,,default,Payment for Northstar Foods,pay_000417,UTR20260000000069,order_0100418,,upi,,,,
pay_000048,payment,0,2253238,2307700,INR,46154,8308,False,True,2026-07-13,2026-09-07,setl_000068,,default,Payment for UrbanNest Interiors,pay_000048,UTR20260000000069,order_0100049,,netbanking,,,,
pay_000068,payment,0,887008,897600,INR,8976,1616,False,True,2026-08-12,2026-09-07,setl_000068,,default,Payment for Vijay Traders,pay_000068,UTR20260000000069,order_0100069,,upi,,,,
pay_000521,payment,0,177283,179400,INR,1794,323,False,True,2026-07-06,2026-09-07,setl_000068,,default,Payment for Nova Technologies,pay_000521,UTR20260000000069,order_0100522,,upi,,,,
pay_000239,payment,0,65715,66500,INR,665,120,False,True,2026-09-05,2026-09-07,setl_000068,,default,Payment for Vertex Components,pay_000239,UTR20260000000069,order_0100240,,upi,,,,
pay_000392,payment,0,34174,35000,INR,700,126,False,True,2026-08-17,2026-09-08,setl_000069,,default,Payment for BluePeak Consulting,pay_000392,UTR20260000000070,order_0100393,,netbanking,,,,
pay_000387,payment,0,28999,29700,INR,594,107,False,True,2026-08-19,2026-09-08,setl_000069,,default,Payment for SilverOak Education,pay_000387,UTR20260000000070,order_0100388,,card,Visa,SBIN,debit,
pay_000473,payment,0,88642,89700,INR,897,161,False,True,2026-08-16,2026-09-08,setl_000069,,default,Payment for UrbanNest Interiors,pay_000473,UTR20260000000070,order_0100474,,upi,,,,
pay_000041,payment,0,750461,768600,INR,15372,2767,False,True,2026-08-30,2026-09-08,setl_000069,,default,Payment for Vertex Components,pay_000041,UTR20260000000070,order_0100042,,netbanking,,,,
pay_000274,payment,0,1005493,1017500,INR,10175,1832,False,True,2026-07-17,2026-09-08,setl_000069,,default,Payment for Sunrise Health,pay_000274,UTR20260000000070,order_0100275,,upi,,,,
pay_000415,payment,0,13718,14050,INR,281,51,False,True,2026-07-08,2026-09-08,setl_000069,,default,Payment for UrbanNest Interiors,pay_000415,UTR20260000000070,order_0100416,,netbanking,,,,
pay_000344,payment,0,65028,66600,INR,1332,240,False,True,2026-09-07,2026-09-08,setl_000069,,default,Payment for Metro Office Systems,pay_000344,UTR20260000000070,order_0100345,,card,MasterCard,ICIC,credit,
pay_000389,payment,0,26070,26700,INR,534,96,False,True,2026-08-26,2026-09-30,setl_000070,,default,Payment for Apex Digital Services,pay_000389,UTR20260000000071,order_0100390,,card,RuPay,SBIN,debit,
pay_000366,payment,0,280617,287400,INR,5748,1035,False,True,2026-08-18,2026-09-30,setl_000070,,default,Payment for Metro Office Systems,pay_000366,UTR20260000000071,order_0100367,,card,Visa,ICIC,credit,
pay_000102,payment,0,422000,432200,INR,8644,1556,False,True,2026-08-30,2026-09-30,setl_000070,,default,Payment for Kaveri Textiles,pay_000102,UTR20260000000071,order_0100103,,netbanking,,,,
pay_000419,payment,0,216811,219400,INR,2194,395,False,True,2026-08-12,2026-09-30,setl_000070,,default,Payment for Metro Office Systems,pay_000419,UTR20260000000071,order_0100420,,upi,,,,
pay_000171,payment,0,61123,62600,INR,1252,225,False,True,2026-08-20,2026-09-30,setl_000070,,default,Payment for Kaveri Textiles,pay_000171,UTR20260000000071,order_0100172,,card,RuPay,AXIS,credit,
pay_000160,payment,0,1233965,1248700,INR,12487,2248,False,True,2026-09-12,2026-09-30,setl_000070,,default,Payment for Northstar Foods,pay_000160,UTR20260000000071,order_0100161,,upi,,,,
pay_000183,payment,0,355950,360200,INR,3602,648,False,True,2026-09-29,2026-09-30,setl_000070,,default,Payment for UrbanNest Interiors,pay_000183,UTR20260000000071,order_0100184,,upi,,,,
pay_000316,payment,0,413514,418452,INR,4185,753,False,True,2026-08-27,2026-09-30,setl_000071,,default,Payment for Brightline Logistics,pay_000316,UTR20260000000072,order_0100317,,upi,,,,
pay_000229,payment,0,61220,62700,INR,1254,226,False,True,2026-08-15,2026-09-30,setl_000071,,default,Payment for Kaveri Textiles,pay_000229,UTR20260000000072,order_0100230,,netbanking,,,,
pay_000525,payment,0,33491,34300,INR,686,123,False,True,2026-07-18,2026-09-30,setl_000071,,default,Payment for Acme Retail Pvt Ltd,pay_000525,UTR20260000000072,order_0100526,,card,MasterCard,AXIS,debit,
pay_000354,payment,0,46544,47100,INR,471,85,False,True,2026-09-29,2026-09-30,setl_000071,,default,Payment for UrbanNest Interiors,pay_000354,UTR20260000000072,order_0100355,,upi,,,,
pay_000429,payment,0,100079,102498,INR,2050,369,False,True,2026-08-25,2026-09-30,setl_000071,,default,Payment for Northstar Foods,pay_000429,UTR20260000000072,order_0100430,,netbanking,,,,
pay_000323,payment,0,47453,48600,INR,972,175,False,True,2026-08-24,2026-09-30,setl_000071,,default,Payment for Sunrise Health,pay_000323,UTR20260000000072,order_0100324,,card,MasterCard,SBIN,credit,
pay_000304,payment,0,18356,18800,INR,376,68,False,True,2026-08-27,2026-09-30,setl_000071,,default,Payment for Brightline Logistics,pay_000304,UTR20260000000072,order_0100305,,netbanking,,,,
pay_000457,payment,0,2065769,2115700,INR,42314,7617,False,True,2026-08-18,2026-09-03,setl_000072,,default,Payment for Sunrise Health,pay_000457,UTR20260000000073,order_0100458,,netbanking,,,,
pay_000306,payment,0,49894,51100,INR,1022,184,False,True,2026-08-08,2026-09-03,setl_000072,,default,Payment for Orion Manufacturing,pay_000306,UTR20260000000073,order_0100307,,card,MasterCard,ICIC,debit,
pay_000361,payment,0,25484,26100,INR,522,94,False,True,2026-08-09,2026-09-03,setl_000072,,default,Payment for Northstar Foods,pay_000361,UTR20260000000073,order_0100362,,netbanking,,,,
pay_000092,payment,0,37560,38467,INR,769,138,False,True,2026-08-09,2026-09-03,setl_000072,,default,Payment for Kaveri Textiles,pay_000092,UTR20260000000073,order_0100093,,netbanking,,,,
pay_000201,payment,0,136429,139727,INR,2795,503,False,True,2026-07-30,2026-09-03,setl_000072,,default,Payment for SilverOak Education,pay_000201,UTR20260000000073,order_0100202,,netbanking,,,,
pay_000219,payment,0,62685,64200,INR,1284,231,False,True,2026-08-31,2026-09-03,setl_000072,,default,Payment for BluePeak Consulting,pay_000219,UTR20260000000073,order_0100220,,netbanking,,,,
pay_000045,payment,0,322746,326600,INR,3266,588,False,True,2026-07-19,2026-09-03,setl_000072,,default,Payment for Nova Technologies,pay_000045,UTR20260000000073,order_0100046,,upi,,,,
pay_000028,payment,0,374484,383536,INR,7671,1381,False,True,2026-08-30,2026-09-13,setl_000073,,default,Payment for Sunrise Health,pay_000028,UTR20260000000074,order_0100029,,card,MasterCard,AXIS,debit,
pay_000197,payment,0,80627,82576,INR,1652,297,False,True,2026-08-20,2026-09-13,setl_000073,,default,Payment for UrbanNest Interiors,pay_000197,UTR20260000000074,order_0100198,,netbanking,,,,
pay_000055,payment,0,1119433,1132800,INR,11328,2039,False,True,2026-09-05,2026-09-13,setl_000073,,default,Payment for UrbanNest Interiors,pay_000055,UTR20260000000074,order_0100056,,upi,,,,
pay_000026,payment,0,2315142,2371100,INR,47422,8536,False,True,2026-09-11,2026-09-13,setl_000073,,default,Payment for Vijay Traders,pay_000026,UTR20260000000074,order_0100027,,netbanking,,,,
pay_000346,payment,0,1292566,1308000,INR,13080,2354,False,True,2026-08-25,2026-09-13,setl_000073,,default,Payment for Sunrise Health,pay_000346,UTR20260000000074,order_0100347,,upi,,,,
pay_000463,payment,0,2246794,2301100,INR,46022,8284,False,True,2026-07-22,2026-09-13,setl_000073,,default,Payment for BluePeak Consulting,pay_000463,UTR20260000000074,order_0100464,,netbanking,,,,
pay_000242,payment,0,20950,21200,INR,212,38,False,True,2026-07-26,2026-09-13,setl_000073,,default,Payment for BluePeak Consulting,pay_000242,UTR20260000000074,order_0100243,,upi,,,,
pay_000030,payment,0,2204028,2257300,INR,45146,8126,False,True,2026-08-28,2026-10-11,setl_000074,,default,Payment for UrbanNest Interiors,pay_000030,UTR20260000000075,order_0100031,,card,MasterCard,HDFC,credit,
pay_000134,payment,0,217249,222500,INR,4450,801,False,True,2026-08-22,2026-10-11,setl_000074,,default,Payment for Nova Technologies,pay_000134,UTR20260000000075,order_0100135,,card,MasterCard,ICIC,credit,
pay_000052,payment,0,304515,308152,INR,3082,555,False,True,2026-08-31,2026-10-11,setl_000074,,default,Payment for SilverOak Education,pay_000052,UTR20260000000075,order_0100053,,upi,,,,
pay_000455,payment,0,1562338,1600100,INR,32002,5760,False,True,2026-07-28,2026-10-11,setl_000074,,default,Payment for GreenLeaf Distributors,pay_000455,UTR20260000000075,order_0100456,,netbanking,,,,
pay_000347,payment,0,40861,41849,INR,837,151,False,True,2026-08-15,2026-10-11,setl_000074,,default,Payment for Vijay Traders,pay_000347,UTR20260000000075,order_0100348,,netbanking,,,,
pay_000319,payment,0,188489,193045,INR,3861,695,False,True,2026-10-09,2026-10-11,setl_000074,,default,Payment for Metro Office Systems,pay_000319,UTR20260000000075,order_0100320,,card,Visa,SBIN,credit,
pay_000073,payment,0,26088,26400,INR,264,48,False,True,2026-08-25,2026-10-11,setl_000074,,default,Payment for Northstar Foods,pay_000073,UTR20260000000075,order_0100074,,upi,,,,
pay_000176,payment,0,281496,288300,INR,5766,1038,False,True,2026-08-28,2026-10-06,setl_000075,,default,Payment for SilverOak Education,pay_000176,UTR20260000000076,order_0100177,,card,MasterCard,AXIS,credit,
pay_000251,payment,0,28804,29500,INR,590,106,False,True,2026-08-05,2026-10-06,setl_000075,,default,Payment for Sunrise Health,pay_000251,UTR20260000000076,order_0100252,,netbanking,,,,
pay_000291,payment,0,79088,81000,INR,1620,292,False,True,2026-10-03,2026-10-06,setl_000075,,default,Payment for Metro Office Systems,pay_000291,UTR20260000000076,order_0100292,,netbanking,,,,
pay_000145,payment,0,20211,20700,INR,414,75,False,True,2026-09-07,2026-10-06,setl_000075,,default,Payment for SilverOak Education,pay_000145,UTR20260000000076,order_0100146,,card,RuPay,HDFC,debit,
pay_000278,payment,0,9811,10048,INR,201,36,False,True,2026-09-16,2026-10-06,setl_000075,,default,Payment for SilverOak Education,pay_000278,UTR20260000000076,order_0100279,,card,MasterCard,SBIN,debit,
pay_000327,payment,0,313062,316800,INR,3168,570,False,True,2026-09-24,2026-10-06,setl_000075,,default,Payment for Metro Office Systems,pay_000327,UTR20260000000076,order_0100328,,upi,,,,
pay_000359,payment,0,24898,25500,INR,510,92,False,True,2026-08-04,2026-10-06,setl_000075,,default,Payment for Acme Retail Pvt Ltd,pay_000359,UTR20260000000076,order_0100360,,netbanking,,,,
pay_000212,payment,0,2313970,2369900,INR,47398,8532,False,True,2026-08-15,2026-09-07,setl_000076,,default,Payment for BluePeak Consulting,pay_000212,UTR20260000000077,order_0100213,,netbanking,,,,
pay_000105,payment,0,2388079,2445800,INR,48916,8805,False,True,2026-07-28,2026-09-07,setl_000076,,default,Payment for Northstar Foods,pay_000105,UTR20260000000077,order_0100106,,netbanking,,,,
pay_000527,payment,0,59170,60600,INR,1212,218,False,True,2026-07-21,2026-09-07,setl_000076,,default,Payment for UrbanNest Interiors,pay_000527,UTR20260000000077,order_0100528,,card,MasterCard,ICIC,debit,
pay_000016,payment,0,1729745,1750400,INR,17504,3151,False,True,2026-08-22,2026-09-07,setl_000076,,default,Payment for UrbanNest Interiors,pay_000016,UTR20260000000077,order_0100017,,upi,,,,
pay_000118,payment,0,28855,29200,INR,292,53,False,True,2026-08-06,2026-09-07,setl_000076,,default,Payment for Metro Office Systems,pay_000118,UTR20260000000077,order_0100119,,upi,,,,
pay_000281,payment,0,39708,40667,INR,813,146,False,True,2026-09-04,2026-09-07,setl_000076,,default,Payment for GreenLeaf Distributors,pay_000281,UTR20260000000077,order_0100282,,card,Visa,ICIC,credit,
adj_0001,adjustment,0,300,300,INR,0,0,False,True,2026-09-20,2026-09-20,setl_000053,,default,manual adjustment,,,,,,,,,
adj_0002,adjustment,0,750,750,INR,0,0,False,True,2026-08-17,2026-08-17,setl_000058,,default,manual adjustment,,,,,,,,,
adj_0003,adjustment,0,300,300,INR,0,0,False,True,2026-08-25,2026-08-25,setl_000018,,default,manual adjustment,,,,,,,,,
adj_0004,adjustment,0,1000,1000,INR,0,0,False,True,2026-09-24,2026-09-24,setl_000023,,default,manual adjustment,,,,,,,,,
adj_0005,adjustment,0,300,300,INR,0,0,False,True,2026-09-03,2026-09-03,setl_000042,,default,manual adjustment,,,,,,,,,
adj_0006,adjustment,250,0,250,INR,0,0,False,True,2026-09-14,2026-09-14,setl_000026,,default,manual adjustment,,,,,,,,,
adj_0007,adjustment,0,300,300,INR,0,0,False,True,2026-09-11,2026-09-11,setl_000054,,default,manual adjustment,,,,,,,,,
adj_0008,adjustment,0,750,750,INR,0,0,False,True,2026-10-03,2026-10-03,setl_000024,,default,manual adjustment,,,,,,,,,
adj_0009,adjustment,0,1000,1000,INR,0,0,False,True,2026-09-16,2026-09-16,setl_000049,,default,manual adjustment,,,,,,,,,
adj_0010,adjustment,250,0,250,INR,0,0,False,True,2026-09-14,2026-09-14,setl_000029,,default,manual adjustment,,,,,,,,,
adj_0011,adjustment,0,1000,1000,INR,0,0,False,True,2026-09-13,2026-09-13,setl_000003,,default,manual adjustment,,,,,,,,,
adj_0012,adjustment,250,0,250,INR,0,0,False,True,2026-10-09,2026-10-09,setl_000030,,default,manual adjustment,,,,,,,,,
